{"type": "FeatureCollection", "_note": "Balayage extensif du patrimoine tunisien. Coordonnees issues de Wikidata/Wikipedia (source citee dans chaque entree). Certaines coordonnees sont approximatives (signale dans la description). A affiner/completer sur le terrain. 'coordinates' = [longitude, latitude].", "features": [{"type": "Feature", "geometry": {"type": "Point", "coordinates": [10.32346, 36.85256]}, "properties": {"nom": "Carthage", "type": "ville", "epoque": "Punique / Romain", "description": "Cité fondée par les Pheniciens, capitale de la puissance punique puis grande ville romaine d'Afrique. Site archéologique etendu (collines de Byrsa, ports, thermes) inscrit au patrimoine mondial de l'UNESCO.", "source": "Wikidata Q6343 ; Wikipedia (Carthage) ; UNESCO", "photo": "img/Tunisie_Carthage_Ruines_08.jpg", "photo_credit": "Calips, CC BY 2.5, Wikimedia Commons", "gouvernorat": "Tunis", "horaires": "Site géré par l'AMVPPC — ouvert en journée ; horaires variables selon la saison, à vérifier sur place.", "a_voir": "la colline de Byrsa et son musée ; les ports puniques circulaires et rectangulaires ; les thermes d'Antonin en bord de mer ; le tophet de Salammbô et les villas romaines de l'Odéon.", "conseil": "Comptez une demi-journée et achetez le billet groupé valable sur tous les secteurs, dispersés sur plusieurs kilomètres.", "photo_source": "https://commons.wikimedia.org/wiki/File:Tunisie%20Carthage%20Ruines%2008.JPG", "vkey": "carthage-124159"}}, {"type": "Feature", "geometry": {"type": "Point", "coordinates": [10.32389, 36.85222]}, "properties": {"nom": "Byrsa", "type": "batiment", "epoque": "Punique / Romain", "description": "Colline qui formait l'acropole de Carthage punique, siège de la citadelle, puis centre monumental de la Carthage romaine. Abrite le musée national de Carthage.", "source": "Wikidata Q1018648 ; Wikipedia (Byrsa)", "photo": "img/Punic_Ruins__Carthage.jpg", "photo_credit": "upyernoz, CC BY 2.0, Wikimedia Commons", "gouvernorat": "Tunis", "horaires": "Site géré par l'AMVPPC — ouvert en journée ; horaires variables selon la saison, à vérifier sur place.", "a_voir": "le quartier punique fouillé à flanc de colline ; le musée national de Carthage ; la vue panoramique sur les ports antiques et le golfe de Tunis.", "conseil": "Montez en fin de matinée pour la lumière sur la baie, puis enchaînez avec la cathédrale Saint-Louis voisine.", "photo_source": "https://commons.wikimedia.org/wiki/File:Punic%20Ruins%2C%20Carthage.jpg", "legende": "Selon la légende, la reine phénicienne <b>Élissa (Didon)</b>, fuyant Tyr, obtint des Berbères « autant de terre qu'une peau de bœuf pouvait en couvrir ». Rusée, elle découpa la peau en fines lanières pour ceinturer toute la colline : la future <b>Byrsa</b> (« peau » en grec), berceau de Carthage. Virgile en fera l'amante tragique d'Énée.", "vkey": "byrsa-308fc1"}}, {"type": "Feature", "geometry": {"type": "Point", "coordinates": [10.3251, 36.8452]}, "properties": {"nom": "Ports puniques de Carthage", "type": "batiment", "epoque": "Punique", "description": "Ensemble des deux ports antiques de Carthage : un port marchand rectangulaire et un port militaire circulaire (port de l'amiraute). Vestiges encore lisibles dans le paysage actuel.", "source": "Wikidata Q2743152 ; Wikipedia (Ports puniques de Carthage)", "photo": "img/Carthage-1958-PortsPuniques.jpg", "photo_credit": "Unknown authorUnknown author, Public domain, Wikimedia Commons", "gouvernorat": "Tunis", "horaires": "Site géré par l'AMVPPC — ouvert en journée ; horaires variables selon la saison, à vérifier sur place.", "a_voir": "l'îlot circulaire de l'amirauté et le plan d'eau du port militaire ; le port marchand rectangulaire ; la maquette au petit musée de l'Antiquarium.", "conseil": "Site rapide à voir, à combiner avec le tophet tout proche.", "photo_source": "https://commons.wikimedia.org/wiki/File:Carthage-1958-PortsPuniques.jpg", "vkey": "ports-puniques-de-carthage-f8507e"}}, {"type": "Feature", "geometry": {"type": "Point", "coordinates": [10.3231, 36.8415]}, "properties": {"nom": "Tophet de Carthage", "type": "batiment", "epoque": "Punique", "description": "Sanctuaire a ciel ouvert de Carthage punique (tophet de Salammbo) ou furent déposées des urnes funéraires et des stèles votives dédiées a Baal Hammon et Tanit.", "source": "Wikidata Q3108571 ; Wikipedia (Tophet de Carthage)", "photo": "img/Karthago_Tophet.jpg", "photo_credit": "No machine-readable author provided. BishkekRocks assumed (b, Public domain, Wikimedia Commons", "gouvernorat": "Tunis", "horaires": "Site géré par l'AMVPPC — ouvert en journée ; horaires variables selon la saison, à vérifier sur place.", "a_voir": "les centaines de stèles votives à Baal Hammon et Tanit ; les urnes funéraires alignées dans l'enclos à ciel ouvert.", "conseil": "Visite courte ; venez tôt avant la chaleur et associez-la aux ports puniques adjacents.", "photo_source": "https://commons.wikimedia.org/wiki/File:Karthago%20Tophet.JPG", "legende": "Sanctuaire de <b>Tanit</b>, grande déesse de Carthage. Son symbole — une silhouette aux bras levés — est l'ancêtre de la <b>main de Fatma (khamsa)</b> qu'on retrouve partout en Méditerranée contre le mauvais œil. Longtemps présenté comme un lieu de sacrifices d'enfants (accusation de Rome et de la Bible), le tophet reste débattu par les archéologues.", "vkey": "tophet-de-carthage-242acb"}}, {"type": "Feature", "geometry": {"type": "Point", "coordinates": [10.3351, 36.8543]}, "properties": {"nom": "Thermes d'Antonin", "type": "batiment", "epoque": "Romain", "description": "Vastes thermes publics edifies a Carthage sous le regne d'Antonin le Pieux, en bord de mer. Parmi les plus grands thermes du monde romain.", "source": "Wikidata Q3523842 ; Wikipedia (Thermes d'Antonin)", "photo": "img/Antonine_Baths.jpg", "photo_credit": "Bernard Gagnon, CC BY-SA 3.0, Wikimedia Commons", "gouvernorat": "Tunis", "horaires": "Site géré par l'AMVPPC — ouvert en journée ; horaires variables selon la saison, à vérifier sur place.", "a_voir": "Les imposantes sous-structures en bord de mer (l'étage de service voûté qui supportait les salles), la grande colonne relevée qui donne l'échelle vertigineuse de l'édifice (plus de 30 m de haut à l'origine), le frigidarium et les bassins, et la vue sur le golfe de Tunis.", "conseil": "À combiner avec les autres sites de Carthage (Byrsa et son musée, villas romaines) sur le même billet ; venez le matin pour la lumière et la fraîcheur marine, comptez environ 45 minutes.", "photo_source": "https://commons.wikimedia.org/wiki/File:Antonine%20Baths.jpg", "vkey": "thermes-d-antonin-d02de7"}}, {"type": "Feature", "geometry": {"type": "Point", "coordinates": [10.31508, 36.85612]}, "properties": {"nom": "Amphithéâtre de Carthage", "type": "batiment", "epoque": "Romain", "description": "Amphithéâtre de la Carthage romaine, en grande partie arase, traditionnellement associe au martyre de sainte Perpetue et sainte Felicite.", "source": "Wikidata Q2844404 ; Wikipedia (Amphitheatre de Carthage)", "photo": "img/Carthage_amphitheatre.jpg", "photo_credit": "Neil Rickards, CC BY 2.0, Wikimedia Commons", "gouvernorat": "Tunis", "horaires": "Site géré par l'AMVPPC — ouvert en journée ; horaires variables selon la saison, à vérifier sur place.", "a_voir": "l'arène arasée et la croix commémorative du martyre de Perpétue et Félicité ; les vestiges des gradins.", "conseil": "Site modeste, à intégrer dans un circuit plus large des ruines de Carthage.", "photo_source": "https://commons.wikimedia.org/wiki/File:Carthage%20amphitheatre.jpg", "vkey": "amphitheatre-de-carthage-65e3c4"}}, {"type": "Feature", "geometry": {"type": "Point", "coordinates": [10.3189, 36.8593]}, "properties": {"nom": "Citernes de La Malga", "type": "batiment", "epoque": "Romain", "description": "Ensemble de grandes citernes romaines qui stockaient l'eau amenée a Carthage par l'aqueduc de Zaghouan.", "source": "Wikidata Q2974432 ; Wikipedia (Citernes de La Malga)", "photo": "img/Malga_2.jpg", "photo_credit": "Pradigue, CC BY-SA 3.0, Wikimedia Commons", "gouvernorat": "Tunis", "a_voir": "La longue enfilade de galeries voûtées parallèles de l'immense réservoir romain qui recevait l'eau de l'aqueduc de Zaghouan, en partie réutilisées par des habitations.", "conseil": "Site discret et peu fréquenté ; à voir en complément de Byrsa toute proche.", "photo_source": "https://commons.wikimedia.org/wiki/File:Malga%202.jpg", "vkey": "citernes-de-la-malga-b428d7"}}, {"type": "Feature", "geometry": {"type": "Point", "coordinates": [10.32336, 36.85378]}, "properties": {"nom": "Cathédrale Saint-Louis de Carthage", "type": "batiment", "epoque": "Contemporain (colonial)", "description": "Ancienne cathédrale catholique construite a la fin du XIXe siècle sur la colline de Byrsa. Desacralisee, elle sert aujourd'hui d'espace culturel (acropolium).", "source": "Wikidata Q1418492 ; Wikipedia (Cathedrale Saint-Louis de Carthage)", "photo": "img/Acropolium.jpg", "photo_credit": "Niels Elgaard Larsen - (WT-en) Elgaard at English Wikivoyage, CC BY-SA 4.0, Wikimedia Commons", "gouvernorat": "Tunis", "a_voir": "la façade néo-byzantine et mauresque ; l'intérieur reconverti en espace culturel (l'Acropolium) ; le belvédère sur la colline de Byrsa.", "conseil": "Profitez de la terrasse pour la vue, juste après la visite du musée de Carthage.", "photo_source": "https://commons.wikimedia.org/wiki/File:Acropolium.jpg", "vkey": "cathedrale-saint-louis-de-carthage-aea9c0"}}, {"type": "Feature", "geometry": {"type": "Point", "coordinates": [10.06113, 37.05497]}, "properties": {"nom": "Utique (Utica)", "type": "ville", "epoque": "Punique / Romain", "description": "Ancienne cité phenicienne, l'une des plus anciennes du nord de l'Afrique, puis ville romaine importante. Vestiges de maisons a mosaïques et nécropoles. Aujourd'hui a ~10 km de la mer (envasement du delta de la Medjerda).", "source": "Wikidata Q166523 ; Wikipedia (Utique)", "photo": "img/TUNISIE_UTIQUE_05.jpg", "photo_credit": "GIRAUD Patrick, CC BY 3.0, Wikimedia Commons", "gouvernorat": "Bizerte", "horaires": "Site géré par l'AMVPPC — ouvert en journée ; horaires variables selon la saison, à vérifier sur place.", "a_voir": "la maison de la Cascade et ses mosaïques en place ; les vestiges des thermes ; le petit musée présentant sarcophages et céramiques puniques.", "conseil": "Site calme et peu fréquenté ; combinez avec une halte au musée d'Utique sur place.", "photo_source": "https://commons.wikimedia.org/wiki/File:TUNISIE%20UTIQUE%2005.JPG", "vkey": "utique-utica-1792fa"}}, {"type": "Feature", "geometry": {"type": "Point", "coordinates": [11.09917, 36.94639]}, "properties": {"nom": "Kerkouane", "type": "ville", "epoque": "Punique", "description": "Cité punique abandonnée vers le IIIe siècle av. J.-C. et jamais reconstruite, temoignage rare d'urbanisme phenico-punique. Inscrite au patrimoine mondial de l'UNESCO.", "source": "Wikidata Q538061 ; Wikipedia (Kerkouane) ; UNESCO", "photo": "img/Kerkouane1.jpg", "photo_credit": "No machine-readable author provided. Udimu assumed (based on, CC BY-SA 3.0, Wikimedia Commons", "gouvernorat": "Nabeul", "horaires": "Site géré par l'AMVPPC — ouvert en journée ; horaires variables selon la saison, à vérifier sur place.", "a_voir": "le plan complet de la ville punique avec rues et maisons ; les baignoires en rose des bains privés ; le petit musée et la nécropole rupestre.", "conseil": "Unique cité purement punique conservée ; à coupler avec la côte du cap Bon et Kelibia.", "photo_source": "https://commons.wikimedia.org/wiki/File:Kerkouane1.JPG", "vkey": "kerkouane-2d81e9"}}, {"type": "Feature", "geometry": {"type": "Point", "coordinates": [11.0992, 36.9464]}, "properties": {"nom": "Nécropole de Kerkouane", "type": "batiment", "epoque": "Punique", "description": "Nécropole rupestre associee a la cité punique de Kerkouane, avec tombes creusées dans le rocher.", "source": "Wikidata Q6985710 ; Wikipedia (Kerkouane)", "photo": "img/Kerkouane_-_panorama.jpg", "photo_credit": "CarlesVA on ca.wikipedia or eo.wikipedia, Public domain, Wikimedia Commons", "gouvernorat": "Nabeul", "a_voir": "Tombes puniques creusées dans le rocher, complément funéraire de la cité voisine de Kerkouane.", "conseil": "À voir dans la foulée du site de Kerkouane, dont elle dépend.", "photo_source": "https://commons.wikimedia.org/wiki/File:Kerkouane%20-%20panorama.jpg", "vkey": "necropole-de-kerkouane-32f15a"}}, {"type": "Feature", "geometry": {"type": "Point", "coordinates": [9.22028, 36.42333]}, "properties": {"nom": "Dougga (Thugga)", "type": "ville", "epoque": "Numide / Romain", "description": "Ancienne cité d'origine numide puis romaine, parmi les sites antiques les mieux conservés d'Afrique du Nord (capitole, théâtre, temples, mausolée libyco-punique). Inscrite au patrimoine mondial de l'UNESCO.", "source": "Wikidata Q32378 ; Wikipedia (Dougga) ; UNESCO", "photo": "img/Dougga__Beja.jpg", "photo_credit": "Emna Trabelsi, CC BY-SA 3.0, Wikimedia Commons", "gouvernorat": "Béja", "horaires": "Site géré par l'AMVPPC — ouvert en journée ; horaires variables selon la saison, à vérifier sur place.", "a_voir": "le capitole à colonnes corinthiennes ; le théâtre adossé à la colline ; le mausolée libyco-punique ; la place des Vents et les latrines à douze sièges.", "conseil": "Vastes ruines en pente : chaussures de marche et au moins deux heures ; magnifique au soleil rasant du matin.", "acces_gps": [9.220755, 36.4234094], "acces_gps_sud": [9.216498, 36.420075], "acces_note": "Deux entrées, chacune avec un parking où laisser la voiture avant de continuer à pied. Cible GPS = entrée NORD (parking) ; juste à côté, une buvette avec WC et une magnifique vue sur la vallée. L'entrée SUD a aussi son parking. Les deux entrées ne sont PAS reliées par la route : on passe de l'une à l'autre uniquement à pied, à travers le site — en voiture, on ressort par où l'on est arrivé.", "source_acces": "Coordonnées d'accès (nord et sud) relevées par l'éditeur via Google Maps", "photo_source": "https://commons.wikimedia.org/wiki/File:Dougga%2C%20Beja.jpg", "anecdote": "La cité antique la <b>mieux conservée</b> d'Afrique du Nord. Cherchez le <b>mausolée libyco-punique</b> : son inscription bilingue (punique + libyque) a permis de <b>déchiffrer l'alphabet libyque</b>, ancêtre du tifinagh berbère.", "vkey": "dougga-thugga-ccaaa1"}}, {"type": "Feature", "geometry": {"type": "Point", "coordinates": [9.21815, 36.42287]}, "properties": {"nom": "Capitole de Dougga", "type": "batiment", "epoque": "Romain", "description": "Capitole de Thugga dédié a la triade capitoline (Jupiter, Junon, Minerve), edifie au IIe siècle. Sa façade a colonnes est l'un des monuments emblématiques du site.", "source": "Wikidata Q11680511 ; Wikipedia (Capitole de Dougga)", "photo": "img/TUNISIE_DOUGA_CAPITOLE_001.jpg", "photo_credit": "GIRAUD Patrick, CC BY 3.0, Wikimedia Commons", "gouvernorat": "Béja", "horaires": "Site géré par l'AMVPPC — ouvert en journée ; horaires variables selon la saison, à vérifier sur place.", "a_voir": "la haute façade à six colonnes corinthiennes et son fronton sculpté ; le podium dominant le forum.", "conseil": "Monument emblématique du site, à photographier en début de journée à contre-jour évité.", "photo_source": "https://commons.wikimedia.org/wiki/File:TUNISIE%20DOUGA%20CAPITOLE%20001.JPG", "vkey": "capitole-de-dougga-15b97e"}}, {"type": "Feature", "geometry": {"type": "Point", "coordinates": [9.2203, 36.42379]}, "properties": {"nom": "Théâtre de Dougga", "type": "batiment", "epoque": "Romain", "description": "Théâtre romain de Thugga construit au IIe siècle, adossé à la pente et bien conservé, encore utilisé pour des représentations.", "source": "Wikidata Q2291068 ; Wikipedia (Theatre de Dougga)", "photo": "img/Roman_Theatre_Dougga.jpg", "photo_credit": "Tony Hisgett, CC BY 2.0, Wikimedia Commons", "gouvernorat": "Béja", "horaires": "Site géré par l'AMVPPC — ouvert en journée ; horaires variables selon la saison, à vérifier sur place.", "a_voir": "les gradins bien conservés pour ~3 500 spectateurs ; la scène et la vue sur la plaine de l'oued Khalled.", "conseil": "Asseyez-vous en haut des gradins pour le panorama ; encore utilisé l'été pour des spectacles.", "photo_source": "https://commons.wikimedia.org/wiki/File:Roman%20Theatre%20Dougga.jpg", "vkey": "theatre-de-dougga-5d5d00"}}, {"type": "Feature", "geometry": {"type": "Point", "coordinates": [10.70694, 35.29639]}, "properties": {"nom": "Amphithéâtre d'El Jem (Thysdrus)", "type": "batiment", "epoque": "Romain", "description": "Grand amphithéâtre romain de l'antique Thysdrus, du IIIe siècle, l'un des mieux conservés au monde. Inscrit au patrimoine mondial de l'UNESCO.", "source": "Wikidata Q2914326 ; Wikipedia (Amphitheatre d'El Jem) ; UNESCO", "photo": "img/Amphi_El_Jem.jpg", "photo_credit": "Cimoi, CC BY-SA 3.0, Wikimedia Commons", "gouvernorat": "Mahdia", "horaires": "Site géré par l'AMVPPC — ouvert en journée ; horaires variables selon la saison, à vérifier sur place.", "a_voir": "les arcades superposées de la façade ; l'arène et les souterrains où circulaient bêtes et gladiateurs ; les gradins escaladables.", "conseil": "Montez aux niveaux supérieurs pour la vue ; combinez avec le musée d'El Jem et ses mosaïques.", "photo_source": "https://commons.wikimedia.org/wiki/File:Amphi%20El%20Jem.jpg", "legende": "La légende lie cette arène à <b>El Kahena</b>, la reine-guerrière berbère qui aurait résisté aux conquérants arabes ; des <b>souterrains</b> auraient même relié l'amphithéâtre à la côte.", "anecdote": "3ᵉ plus grand amphithéâtre romain du monde (~35 000 places), planté dans une petite ville : il dépasse presque le Colisée. Décor du film *Gladiator*. Montez dans les gradins et descendez dans les souterrains des fauves.", "vkey": "amphitheatre-d-el-jem-thysdrus-f32915"}}, {"type": "Feature", "geometry": {"type": "Point", "coordinates": [9.12032, 35.24038]}, "properties": {"nom": "Sbeitla (Sufetula)", "type": "ville", "epoque": "Romain / Byzantin", "description": "Ancienne cité romaine et byzantine remarquable pour son forum et ses trois temples capitolins juxtaposés, ainsi que ses basiliques chretiennes.", "source": "Wikidata Q1536583 ; Wikipedia (Sbeitla)", "photo": "img/Sufeitula.png", "photo_credit": "Rais67, Public domain, Wikimedia Commons", "gouvernorat": "Kasserine", "horaires": "Site géré par l'AMVPPC — ouvert en journée ; horaires variables selon la saison, à vérifier sur place.", "a_voir": "Le forum dalle de Sufetula ouvrant sur trois temples capitolins juxtaposés dedies a la triade, l'arc d'Antonin le Pieux et plusieurs basiliques chretiennes avec baptisteres.", "conseil": "Comptez 2 a 3 heures de visite et privilegiez la lumière rasante du matin ou de fin d'après-midi pour photographier les capitoles.", "photo_source": "https://commons.wikimedia.org/wiki/File:Sufeitula.png", "vkey": "sbeitla-sufetula-f9fb32"}}, {"type": "Feature", "geometry": {"type": "Point", "coordinates": [9.11945, 35.24053]}, "properties": {"nom": "Capitole de Sbeitla", "type": "batiment", "epoque": "Romain", "description": "Ensemble exceptionnel de trois temples capitolins distincts dedies a la triade, ouvrant sur le forum de Sufetula.", "source": "Wikidata Q42760366 ; Wikipedia (Sbeitla)", "photo": "img/Sbeitla_Temples_of_the_Gods.jpg", "photo_credit": "Dennis G. Jarvis, CC BY-SA 2.0, Wikimedia Commons", "gouvernorat": "Kasserine", "horaires": "Site géré par l'AMVPPC — ouvert en journée ; horaires variables selon la saison, à vérifier sur place.", "a_voir": "Les trois temples capitolins distincts et bien conservés, alignés derrière l'arc et le forum, cas rare d'une triade en édifices séparés.", "conseil": "A combiner avec l'ensemble du site de Sufetula juste autour ; quelques minutes suffisent pour ce point fort.", "photo_source": "https://commons.wikimedia.org/wiki/File:Sbeitla%20Temples%20of%20the%20Gods.jpg", "vkey": "capitole-de-sbeitla-bf900d"}}, {"type": "Feature", "geometry": {"type": "Point", "coordinates": [8.75702, 36.55889]}, "properties": {"nom": "Bulla Regia", "type": "ville", "epoque": "Numide / Romain", "description": "Cité romaine connue pour ses villas a étages souterrains amenages contre la chaleur, ornes de mosaïques en place (maison de la Chasse, maison d'Amphitrite).", "source": "Wikidata Q1004205 ; Wikipedia (Bulla Regia)", "photo": "img/Bulla_Regia__413045219_.jpg", "photo_credit": "hubbers, CC BY-SA 2.0, Wikimedia Commons", "gouvernorat": "Jendouba", "horaires": "Site géré par l'AMVPPC — ouvert en journée ; horaires variables selon la saison, à vérifier sur place.", "a_voir": "les villas à étages souterrains (maison de la Chasse, maison d'Amphitrite) avec mosaïques en place ; le théâtre et les thermes de Julia Memmia.", "conseil": "Descendez dans les maisons enterrées, fraîches même en plein été ; mosaïques visibles in situ.", "photo_source": "https://commons.wikimedia.org/wiki/File:Bulla%20Regia%20%28413045219%29.jpg", "anecdote": "Pour fuir la canicule, les riches Romains y bâtirent des <b>villas SOUTERRAINES</b> — un étage entier sous terre, frais, aux mosaïques restées en place. Descendez voir la Maison d'Amphitrite.", "vkey": "bulla-regia-2d6ce8"}}, {"type": "Feature", "geometry": {"type": "Point", "coordinates": [9.90306, 36.4025]}, "properties": {"nom": "Thuburbo Majus", "type": "ville", "epoque": "Romain", "description": "Cité romaine prospère au IIe-IIIe siècle, dotée d'un forum, d'un capitole, de temples et de thermes (d'hiver et d'été) encore visibles.", "source": "Wikidata Q1967945 ; Wikipedia (Thuburbo Majus)", "photo": "img/Thuburbo_Majus_vue_vers_Capitole.jpg", "photo_credit": "{{{1}}}, CC BY 2.0, Wikimedia Commons", "gouvernorat": "Zaghouan", "horaires": "Site géré par l'AMVPPC — ouvert en journée ; horaires variables selon la saison, à vérifier sur place.", "a_voir": "le capitole dressé sur son podium ; le forum dallé ; les thermes d'hiver et d'été et la palestre des Petronii.", "conseil": "Site vallonné et tranquille, à combiner avec le temple des Eaux de Zaghouan voisin.", "photo_source": "https://commons.wikimedia.org/wiki/File:Thuburbo%20Majus%20vue%20vers%20Capitole.jpg", "vkey": "thuburbo-majus-deb494"}}, {"type": "Feature", "geometry": {"type": "Point", "coordinates": [9.20639, 35.8556]}, "properties": {"nom": "Makthar (Mactaris)", "type": "ville", "epoque": "Numide / Romain", "description": "Ancienne cité d'origine numide devenue romaine, avec arc de Trajan, grands thermes du Sud et la 'maison de Venus'. Située en altitude dans la haute steppe.", "source": "Wikidata Q3485394 ; Wikipedia (Makthar)", "photo": "img/Makhtar_Venus_bain.jpg", "photo_credit": "Pradigue, CC BY 3.0, Wikimedia Commons", "gouvernorat": "Siliana", "horaires": "Site géré par l'AMVPPC — ouvert en journée ; horaires variables selon la saison, à vérifier sur place.", "a_voir": "L'arc de Trajan, les grands thermes du Sud bien preserves, la 'maison de Venus' et la schola des Juvenes, dans un cadre de haute steppe.", "conseil": "Prevoyez de l'eau et de bonnes chaussures car le site est etendu et expose ; visite d'environ 2 heures, agreable au printemps.", "photo_source": "https://commons.wikimedia.org/wiki/File:Makhtar%20Venus%20bain.jpg", "vkey": "makthar-mactaris-4edd9a"}}, {"type": "Feature", "geometry": {"type": "Point", "coordinates": [8.57619, 36.4919]}, "properties": {"nom": "Chemtou (Simitthus)", "type": "ville", "epoque": "Numide / Romain", "description": "Site antique célèbre pour ses carrieres de marbre jaune numidique (marmor numidicum) exploitees par Rome, avec pont romain, théâtre et basilique.", "source": "Wikidata Q1493784 ; Wikipedia (Chemtou)", "photo": "img/Chimtou__r_mische_Br_cke.jpg", "photo_credit": "Philipp von Rummel, CC BY-SA 3.0, Wikimedia Commons", "gouvernorat": "Jendouba", "horaires": "Site géré par l'AMVPPC — ouvert en journée ; horaires variables selon la saison, à vérifier sur place.", "a_voir": "les carrières de marbre jaune numidique ; le pont romain sur la Medjerda ; le théâtre, la basilique et l'excellent musée du marbre.", "conseil": "Ne manquez pas le musée moderne qui explique l'exploitation du célèbre marbre antique.", "photo_source": "https://commons.wikimedia.org/wiki/File:Chimtou%2C%20r%C3%B6mische%20Br%C3%BCcke.jpg", "vkey": "chemtou-simitthus-2124b4"}}, {"type": "Feature", "geometry": {"type": "Point", "coordinates": [8.57192, 36.48836]}, "properties": {"nom": "Pont de Trajan (Chemtou)", "type": "batiment", "epoque": "Romain", "description": "Pont romain enjambant l'oued Medjerda près de Simitthus, lie a l'exploitation et au transport du marbre de Chemtou.", "source": "Wikidata Q42432921 ; Wikipedia (Chemtou)", "photo": "img/Chimtou__r_mische_Br_cke.jpg", "photo_credit": "Philipp von Rummel, CC BY-SA 3.0, Wikimedia Commons", "gouvernorat": "Jendouba", "a_voir": "Les vestiges du pont romain enjambant l'oued Medjerda, lié à l'acheminement du marbre de Chemtou.", "conseil": "Bref arrêt dans le cadre de la visite du site de Chemtou ; le niveau de l'oued est plus bas et le passage plus aisé hors saison des pluies.", "photo_source": "https://commons.wikimedia.org/wiki/File:Chimtou%2C%20r%C3%B6mische%20Br%C3%BCcke.jpg", "vkey": "pont-de-trajan-chemtou-aa8873"}}, {"type": "Feature", "geometry": {"type": "Point", "coordinates": [10.17171, 36.60847]}, "properties": {"nom": "Oudhna (Uthina)", "type": "ville", "epoque": "Romain", "description": "Colonie romaine au sud de Tunis, dotée d'un amphithéâtre, d'un capitole, de thermes et de citernes. Importante villa et mosaïques.", "source": "Wikidata Q269424 ; Wikipedia (Oudna)", "photo": "img/Oudhna_Capitole_1.jpg", "photo_credit": "Rais67, Public domain, Wikimedia Commons", "gouvernorat": "Ben Arous", "horaires": "Site géré par l'AMVPPC — ouvert en journée ; horaires variables selon la saison, à vérifier sur place.", "a_voir": "l'amphithéâtre partiellement restauré ; le capitole et ses citernes ; les vestiges de villas à mosaïques.", "conseil": "Proche de Tunis, idéal pour une demi-journée combinée avec Thuburbo Majus.", "photo_source": "https://commons.wikimedia.org/wiki/File:Oudhna%20Capitole%201.JPG", "vkey": "oudhna-uthina-ff4a43"}}, {"type": "Feature", "geometry": {"type": "Point", "coordinates": [8.4597, 35.5672]}, "properties": {"nom": "Haidra (Ammaedara)", "type": "ville", "epoque": "Romain / Byzantin", "description": "Ancienne cité romaine puis byzantine près de la frontière algerienne, avec une vaste forteresse byzantine, des arcs et des basiliques chretiennes.", "source": "Wikidata Q17561462 ; Wikipedia (Haidra)", "photo": "img/Haidra_Tunisie.jpg", "photo_credit": "Astiosaurus, CC BY-SA 3.0, Wikimedia Commons", "gouvernorat": "Kasserine", "horaires": "Site géré par l'AMVPPC — ouvert en journée ; horaires variables selon la saison, à vérifier sur place.", "a_voir": "La vaste forteresse byzantine aux remparts imposants, les arcs de triomphe, l'église de Melleus et plusieurs basiliques chretiennes près de la frontière algerienne.", "conseil": "Site etendu et isolé : venez avec de l'eau, comptez 2 heures et renseignez-vous sur l'acces avant de partir.", "photo_source": "https://commons.wikimedia.org/wiki/File:Haidra%20Tunisie.jpg", "vkey": "haidra-ammaedara-b5ec16"}}, {"type": "Feature", "geometry": {"type": "Point", "coordinates": [10.67333, 33.53889]}, "properties": {"nom": "Gightis (Gigthis)", "type": "ville", "epoque": "Punique / Romain", "description": "Ancien comptoir punique puis cité romaine sur le golfe de Bou Ghrara, avec forum, capitole, thermes et temples.", "source": "Wikidata Q1523755 ; Wikipedia (Gigthis)", "photo": "img/Gigthis.2.jpg", "photo_credit": "Michel-georges bernard, CC BY-SA 3.0, Wikimedia Commons", "gouvernorat": "Médenine", "horaires": "Site géré par l'AMVPPC — ouvert en journée ; horaires variables selon la saison, à vérifier sur place.", "a_voir": "Vestiges d'une cité punique puis romaine sur le golfe de Bou Ghrara : forum dalle, capitole, thermes et bases de temples.", "conseil": "Site ouvert en journee, peu ombrage : prevoir eau et chapeau, et verifier les horaires de l'AMVPPC sur place.", "photo_source": "https://commons.wikimedia.org/wiki/File:Gigthis.2.jpg", "vkey": "gightis-gigthis-7763eb"}}, {"type": "Feature", "geometry": {"type": "Point", "coordinates": [10.5626, 36.39288]}, "properties": {"nom": "Pupput", "type": "ville", "epoque": "Romain", "description": "Cité romaine sur la cote près d'Hammamet, connue pour sa nécropole et ses mosaïques de maisons.", "source": "Wikidata Q3410900 ; Wikipedia (Pupput)", "photo": "img/Tunisie_Pupput_monument_Satyre.jpg", "photo_credit": "Rais67, Public domain, Wikimedia Commons", "gouvernorat": "Nabeul", "horaires": "Site géré par l'AMVPPC — ouvert en journée ; horaires variables selon la saison, à vérifier sur place.", "a_voir": "Vestiges d'une cité romaine du littoral près d'Hammamet : nécropole et mosaïques de maisons.", "conseil": "Site modeste et excentré dans la zone hôtelière de Hammamet Sud ; visite rapide à associer à la médina d'Hammamet.", "photo_source": "https://commons.wikimedia.org/wiki/File:Tunisie%20Pupput%20monument%20Satyre.jpg", "vkey": "pupput-51d4f7"}}, {"type": "Feature", "geometry": {"type": "Point", "coordinates": [10.63889, 35.82444]}, "properties": {"nom": "Hadrumete (Hadrumetum, Sousse antique)", "type": "ville", "epoque": "Punique / Romain", "description": "Ancienne fondation phenicienne devenue grande ville romaine (Hadrumetum), sous l'actuelle Sousse. Catacombes chretiennes et riches mosaïques.", "source": "Wikidata Q2736539 ; Wikipedia (Hadrumete)", "photo": "img/GiorcesBardo42.jpg", "photo_credit": "Giorces, CC BY 2.5, Wikimedia Commons", "gouvernorat": "Sousse", "a_voir": "Strates de l'antique Hadrumetum sous la Sousse actuelle : héritage punique puis romain, à l'origine des catacombes chrétiennes et des mosaïques exposées au musée.", "conseil": "Les vestiges étant dispersés sous la ville moderne, le musée archéologique de la kasbah donne la meilleure vue d'ensemble.", "photo_source": "https://commons.wikimedia.org/wiki/File:GiorcesBardo42.jpg", "vkey": "hadrumete-hadrumetum-sousse-antique-37c515"}}, {"type": "Feature", "geometry": {"type": "Point", "coordinates": [10.6265, 35.8181]}, "properties": {"nom": "Catacombes de Sousse", "type": "batiment", "epoque": "Romain (paleochretien)", "description": "Vaste reseau de galeries funéraires paléochrétiennes creusées sous l'antique Hadrumetum, contenant des milliers de tombes.", "source": "Wikidata Q2941582 ; Wikipedia (Catacombes de Sousse)", "photo": "img/Tunisie_Sousse_Catacombes_2.jpg", "photo_credit": "Rais67, Public domain, Wikimedia Commons", "gouvernorat": "Sousse", "horaires": "Site géré par l'AMVPPC — ouvert en journée ; horaires variables selon la saison, à vérifier sur place.", "a_voir": "Vaste réseau de galeries funéraires paléochrétiennes creusées sous l'antique Hadrumetum, comptant des milliers de tombes ; seule une partie est aménagée pour la visite.", "conseil": "Vérifiez sur place que la section ouverte est accessible, l'accès aux catacombes étant parfois restreint.", "photo_source": "https://commons.wikimedia.org/wiki/File:Tunisie%20Sousse%20Catacombes%202.JPG", "vkey": "catacombes-de-sousse-4c4d60"}}, {"type": "Feature", "geometry": {"type": "Point", "coordinates": [10.7194, 36.4407]}, "properties": {"nom": "Neapolis (Nabeul)", "type": "ville", "epoque": "Punique / Romain", "description": "Ancienne cité côtière près de l'actuelle Nabeul, connue pour ses ateliers de salaison (garum) et une grande maison a mosaïques.", "source": "Wikidata Q3346808 ; Wikipedia (Neapolis)", "photo": "img/Tunisie_N_apolis_usine_salaison_2.jpg", "photo_credit": "Rais67, Public domain, Wikimedia Commons", "gouvernorat": "Nabeul", "a_voir": "Ateliers antiques de salaison (garum) en bord de mer et une grande maison à mosaïques, témoins de l'activité de la cité côtière de Neapolis.", "conseil": "Site en plein air près du front de mer de Nabeul, à coupler avec le musée archéologique de la ville.", "photo_source": "https://commons.wikimedia.org/wiki/File:Tunisie%20N%C3%A9apolis%20usine%20salaison%202.jpg", "vkey": "neapolis-nabeul-16af26"}}, {"type": "Feature", "geometry": {"type": "Point", "coordinates": [8.47056, 36.52667]}, "properties": {"nom": "Thuburnica", "type": "ville", "epoque": "Romain", "description": "Cité romaine du nord-ouest tunisien, conservant un pont romain attribué a l'époque de Trajan et divers vestiges.", "source": "Wikidata Q3526009 ; Wikipedia (Thuburnica)", "photo": "img/Thuburnica.jpg", "photo_credit": "Astiosaurus, CC BY-SA 3.0, Wikimedia Commons", "gouvernorat": "Jendouba", "a_voir": "Le pont romain attribué à l'époque de Trajan, toujours debout, et divers vestiges épars de la cité antique en pleine campagne.", "conseil": "Petit site rural à l'écart : prévoir un véhicule et de bonnes chaussures, à combiner avec Chemtou non loin.", "photo_source": "https://commons.wikimedia.org/wiki/File:Thuburnica.jpg", "vkey": "thuburnica-36c9e4"}}, {"type": "Feature", "geometry": {"type": "Point", "coordinates": [9.08333, 36.41]}, "properties": {"nom": "Musti (Mustis)", "type": "ville", "epoque": "Numide / Romain", "description": "Cité romaine sur la voie Carthage-Theveste, avec temples, arc de Gordien III et huileries. Coordonnée du centre du site.", "source": "Wikidata Q2760406 ; Wikipedia (Musti)", "photo": "img/Musti_ruins.jpg", "photo_credit": "frei, Public domain, Wikimedia Commons", "gouvernorat": "Le Kef", "a_voir": "Les temples, l'arc de Gordien III, le macellum et les huileries antiques etalonnant la voie Carthage-Theveste.", "conseil": "Site de bord de route facile a parcourir en 1 heure environ ; combinable avec El Krib.", "photo_source": "https://commons.wikimedia.org/wiki/File:Musti%20ruins.jpg", "vkey": "musti-mustis-e39dc0"}}, {"type": "Feature", "geometry": {"type": "Point", "coordinates": [8.70417, 36.17361]}, "properties": {"nom": "Sicca Veneria (Le Kef antique)", "type": "ville", "epoque": "Numide / Romain", "description": "Ancienne cité numide puis romaine située sous l'actuelle ville du Kef, connue pour son sanctuaire et ses citernes antiques.", "source": "Wikidata Q2281073 ; Wikipedia (Sicca)", "photo": "img/El_Kef_roman_baths__mosque_and_casbah.jpg", "photo_credit": "Alexandre Moreau, CC BY-SA 2.0, Wikimedia Commons", "gouvernorat": "Le Kef", "a_voir": "Les vestiges antiques affleurant sous la ville actuelle, notamment les citernes romaines et les traces du sanctuaire de Venus.", "conseil": "A explorer en se promenant dans la médina du Kef qui recouvre la cité antique.", "photo_source": "https://commons.wikimedia.org/wiki/File:El%20Kef%20roman%20baths%2C%20mosque%20and%20casbah.jpg", "vkey": "sicca-veneria-le-kef-antique-93b352"}}, {"type": "Feature", "geometry": {"type": "Point", "coordinates": [8.4597, 35.16786]}, "properties": {"nom": "Cillium (Kasserine)", "type": "ville", "epoque": "Romain", "description": "Cité romaine près de Kasserine, conservant un théâtre, un arc et le mausolée des Flavii. Coordonnée approximative du secteur antique.", "source": "Wikidata Q65297123 ; Wikipedia (Cillium)", "photo": "", "photo_credit": "", "gouvernorat": "Kasserine", "a_voir": "Le théâtre, l'arc et surtout le mausolée a trois étages des Flavii, secteur antique en bordure de Kasserine.", "conseil": "Coordonnées approximatives du secteur : reperez d'abord le mausolée des Flavii, le plus visible.", "vkey": "cillium-kasserine-a36e56"}}, {"type": "Feature", "geometry": {"type": "Point", "coordinates": [9.94917, 36.29889]}, "properties": {"nom": "Bataille de Zama (emplacement présumé)", "type": "evenement", "epoque": "Punique (202 av. J.-C.)", "description": "Lieu de la victoire de Scipion l'Africain sur Hannibal, fin de la deuxieme guerre punique. L'emplacement exact reste debattu ; coordonnée présumée (Wikidata), a considerer comme approximative.", "source": "Wikidata Q200056 ; Wikipedia (Bataille de Zama)", "photo": "img/Slaget_ved_Zama_-_Cornelis_Cort__1567.jpg", "photo_credit": "Cornelis Cort, Public domain, Wikimedia Commons", "gouvernorat": "Siliana", "a_voir": "Aucun vestige a voir : il s'agit d'un lieu de mémoire de la victoire de Scipion sur Hannibal (202 av. J.-C.), dont l'emplacement exact reste debattu.", "conseil": "Site d'intérêt purement historique ; l'intérêt se trouve plutot dans les cités antiques alentour (Zama Regia, Naraggara).", "photo_source": "https://commons.wikimedia.org/wiki/File:Slaget%20ved%20Zama%20-%20Cornelis%20Cort%2C%201567.jpg", "vkey": "bataille-de-zama-emplacement-presume-72a2c0"}}, {"type": "Feature", "geometry": {"type": "Point", "coordinates": [10.17006, 36.79903]}, "properties": {"nom": "Médina de Tunis", "type": "ville", "epoque": "Islamique", "description": "Cœur historique de Tunis fondé au VIIe-IXe siècle, avec un dense tissu de souks, mosquées et palais. Inscrite au patrimoine mondial de l'UNESCO.", "source": "Wikidata Q3106527 ; Wikipedia (Medina de Tunis) ; UNESCO", "photo": "img/Terrasses_de_la_m_dina_de_Tunis.jpg", "photo_credit": "Raspail, Public domain, Wikimedia Commons", "gouvernorat": "Tunis", "a_voir": "la mosquée Zitouna ; les souks couverts (parfumeurs, chéchias) ; les palais Dar Hussein et Dar Lasram ; les portes Bab Bhar et Bab Jedid ; les terrasses panoramiques des cafés.", "conseil": "Perdez-vous le matin quand les souks s'animent ; montez sur une terrasse de café pour la vue sur les minarets.", "photo_source": "https://commons.wikimedia.org/wiki/File:Terrasses%20de%20la%20m%C3%A9dina%20de%20Tunis.jpg", "vkey": "medina-de-tunis-22419b"}}, {"type": "Feature", "geometry": {"type": "Point", "coordinates": [10.17111, 36.79722]}, "properties": {"nom": "Mosquée Zitouna (Grande Mosquée de Tunis)", "type": "batiment", "epoque": "Islamique", "description": "Grande mosquée et principal monument religieux de la médina de Tunis, fondée a l'époque omeyyade/aghlabide, longtemps centre d'enseignement.", "source": "Wikidata Q1291779 ; Wikipedia (Mosquee Zitouna)", "photo": "img/MinaretMosqueeZitounaTunis.jpg", "photo_credit": "Citizen59, CC BY-SA 3.0, Wikimedia Commons", "gouvernorat": "Tunis", "horaires": "Lieu de culte — visite possible aux heures d'ouverture, tenue correcte exigée.", "a_voir": "la grande salle de prière à colonnes antiques remployées ; la vaste cour dallée et son cadran solaire ; le minaret.", "conseil": "Tenue couvrante exigée ; la cour est accessible aux visiteurs non musulmans en journée.", "photo_source": "https://commons.wikimedia.org/wiki/File:MinaretMosqueeZitounaTunis.JPG", "vkey": "mosquee-zitouna-grande-mosquee-de-tunis-a0ea73"}}, {"type": "Feature", "geometry": {"type": "Point", "coordinates": [10.16833, 36.80417]}, "properties": {"nom": "Mosquée Sidi Mahrez (Tunis)", "type": "batiment", "epoque": "Islamique (ottoman)", "description": "Mosquée de la médina de Tunis d'époque ottomane, remarquable par ses coupoles d'inspiration ottomane, dédiée au saint patron de la ville.", "source": "Wikidata Q3030270 ; Wikipedia (Mosquee Sidi Mahrez)", "photo": "", "photo_credit": "", "gouvernorat": "Tunis", "a_voir": "l'ensemble de coupoles blanches d'inspiration ottomane stambouliote, unique à Tunis ; la zaouïa du saint patron en face.", "conseil": "Silhouette remarquable depuis les ruelles du quartier de Bab Souika.", "legende": "<b>Sidi Mahrez</b> (Xᵉ s.) est le saint <b>patron de Tunis</b>, « le sultan de la médina » : la tradition lui attribue d'avoir relevé et protégé la ville. Sa mosquée aux coupoles blanches, de style ottoman, lui rend hommage.", "vkey": "mosquee-sidi-mahrez-tunis-3ff983"}}, {"type": "Feature", "geometry": {"type": "Point", "coordinates": [10.10389, 35.68139]}, "properties": {"nom": "Grande Mosquée de Kairouan", "type": "batiment", "epoque": "Islamique", "description": "Grande Mosquée de Kairouan (mosquée Oqba ibn Nafi), l'un des plus anciens et plus importants ensembles religieux de l'Occident musulman, fondée au VIIe siècle.", "source": "Wikidata Q1255269 ; Wikipedia (Grande Mosquee de Kairouan) ; UNESCO", "photo": "img/Grande_Mosqu_e_de_Kairouan__vue_d_ensemble.jpg", "photo_credit": "weetoon66, CC BY-SA 2.0, Wikimedia Commons", "gouvernorat": "Kairouan", "horaires": "Lieu de culte — visite possible aux heures d'ouverture, tenue correcte exigée.", "a_voir": "la vaste cour et son cadran ; le minaret massif à trois niveaux ; la salle de prière aux colonnes de remploi et au mihrab à carreaux de lustre.", "conseil": "Tenue correcte obligatoire ; la cour ouvre aux visiteurs, la salle de prière se contemple depuis le seuil.", "photo_source": "https://commons.wikimedia.org/wiki/File:Grande%20Mosqu%C3%A9e%20de%20Kairouan%2C%20vue%20d%27ensemble.jpg", "legende": "Première ville sainte de l'islam au Maghreb (670), fondée par <b>Okba Ibn Nafi</b>. La légende dit qu'une source jaillit là où son cheval frappa le sol, révélant une coupe d'or perdue à La Mecque. On dit que <b>sept pèlerinages à Kairouan</b> valent un hajj.", "vkey": "grande-mosquee-de-kairouan-6fee1e"}}, {"type": "Feature", "geometry": {"type": "Point", "coordinates": [10.0569, 35.59624]}, "properties": {"nom": "Raqqada", "type": "ville", "epoque": "Islamique (aghlabide)", "description": "Ancienne residence princiere et capitale aghlabide au sud de Kairouan. Site du musée national d'art islamique.", "source": "Wikidata Q3107354 ; Wikipedia (Raqqada)", "photo": "img/Page_from_the_Qur_an_from_Kairouan__Raqqada__Rutbi_64_.jpg", "photo_credit": "Fadhl Mawlat Abi Ayyub, Public domain, Wikimedia Commons", "gouvernorat": "Kairouan", "a_voir": "Ancienne capitale princiere aghlabide au sud de Kairouan, aujourd'hui surtout connue pour son musée national d'art islamique (manuscrits coraniques de Kairouan).", "conseil": "Site eloigne du centre : combinez la visite avec celle de Kairouan, en vehicule.", "photo_source": "https://commons.wikimedia.org/wiki/File:Page%20from%20the%20Qur%27an%20from%20Kairouan%20%28Raqqada%2C%20Rutbi%2064%29.jpg", "vkey": "raqqada-cbd9ae"}}, {"type": "Feature", "geometry": {"type": "Point", "coordinates": [10.11389, 35.65806]}, "properties": {"nom": "Al-Mansuriya (Sabra)", "type": "ville", "epoque": "Islamique (fatimide / ziride)", "description": "Ancienne cité palatiale fatimide puis ziride près de Kairouan, aujourd'hui en grande partie disparue. Coordonnée approximative du site.", "source": "Wikidata Q289618 ; Wikipedia (Al-Mansuriya)", "photo": "img/Palais_ElMansour_5.jpg", "photo_credit": "IssamBarhoumi, CC BY-SA 3.0, Wikimedia Commons", "gouvernorat": "Kairouan", "a_voir": "Vestiges très arases d'une cité palatiale fatimide puis ziride, aujourd'hui en grande partie disparue ; intérêt surtout archéologique.", "conseil": "Site peu aménagé et difficile a lire : a reserver aux passionnes d'archéologie, idealement accompagne.", "photo_source": "https://commons.wikimedia.org/wiki/File:Palais%20ElMansour%205.JPG", "vkey": "al-mansuriya-sabra-b0ae67"}}, {"type": "Feature", "geometry": {"type": "Point", "coordinates": [10.6386, 35.8278]}, "properties": {"nom": "Médina de Sousse", "type": "ville", "epoque": "Islamique", "description": "Médina fortifiée de Sousse avec ses remparts, sa kasbah, son ribat et sa grande mosquée. Inscrite au patrimoine mondial de l'UNESCO.", "source": "Wikidata Q608100 ; Wikipedia (Medina de Sousse) ; UNESCO", "photo": "img/Sousse_Kasbah.jpg", "photo_credit": "BishkekRocks 15:01, 29 December 2005 (UTC), CC BY-SA 3.0, Wikimedia Commons", "gouvernorat": "Sousse", "a_voir": "les remparts crénelés ; le ribat et sa tour de guet ; la kasbah abritant le musée et ses mosaïques ; la grande mosquée.", "conseil": "Montez à la tour du ribat ou à la kasbah pour la vue sur la médina et le port.", "photo_source": "https://commons.wikimedia.org/wiki/File:Sousse%20Kasbah.JPG", "vkey": "medina-de-sousse-334a67"}}, {"type": "Feature", "geometry": {"type": "Point", "coordinates": [10.6389, 35.82778]}, "properties": {"nom": "Ribat de Sousse", "type": "batiment", "epoque": "Islamique (aghlabide)", "description": "Ribat (couvent-forteresse) de Sousse edifie a l'époque aghlabide (VIIIe-IXe siècle), avec sa tour de guet (nador) dominant la médina.", "source": "Wikidata Q608100 (medina) ; Wikipedia (Ribat de Sousse)", "photo": "img/Medina_of_Sousse-130323.jpg", "photo_credit": "Christian Manhart, CC BY-SA 3.0 igo, Wikimedia Commons", "gouvernorat": "Sousse", "horaires": "Site géré par l'AMVPPC — ouvert en journée ; horaires variables selon la saison, à vérifier sur place.", "a_voir": "la cour fortifiée et les cellules des moines-soldats ; l'oratoire ; la tour de guet (nador) offrant un panorama sur la médina.", "conseil": "Grimpez la tour étroite tôt le matin pour la lumière et éviter la foule.", "photo_source": "https://commons.wikimedia.org/wiki/File:Medina%20of%20Sousse-130323.jpg", "vkey": "ribat-de-sousse-c11f81"}}, {"type": "Feature", "geometry": {"type": "Point", "coordinates": [10.6397, 35.8269]}, "properties": {"nom": "Grande Mosquée de Sousse", "type": "batiment", "epoque": "Islamique (aghlabide)", "description": "Grande Mosquée de Sousse du IXe siècle, de plan sobre et fortifié, située au cœur de la médina près du ribat.", "source": "Wikidata Q919958 ; Wikipedia (Grande Mosquee de Sousse)", "photo": "img/Sousse_Grosse_Moschee.jpg", "photo_credit": "No machine-readable author provided. BishkekRocks assumed (b, CC BY-SA 3.0, Wikimedia Commons", "gouvernorat": "Sousse", "horaires": "Lieu de culte — visite possible aux heures d'ouverture, tenue correcte exigée.", "a_voir": "la cour bordée de galeries ; les tourelles d'angle évoquant une forteresse ; la sobre salle de prière aghlabide.", "conseil": "À deux pas du ribat, à enchaîner dans la même visite de la médina.", "photo_source": "https://commons.wikimedia.org/wiki/File:Sousse%20Grosse%20Moschee.JPG", "vkey": "grande-mosquee-de-sousse-24c25b"}}, {"type": "Feature", "geometry": {"type": "Point", "coordinates": [10.83291, 35.77616]}, "properties": {"nom": "Ribat de Monastir", "type": "batiment", "epoque": "Islamique (aghlabide)", "description": "Ribat de Monastir, l'un des plus anciens ouvrages de defense islamiques d'Ifriqiya (fondé vers 796), agrandi au fil des siècles.", "source": "Wikidata Q3430097 ; Wikipedia (Ribat de Monastir)", "photo": "img/TUNISIE_MONASTIR_RIBAT_02.jpg", "photo_credit": "GIRAUD Patrick, CC BY-SA 2.5, Wikimedia Commons", "gouvernorat": "Monastir", "horaires": "Site géré par l'AMVPPC — ouvert en journée ; horaires variables selon la saison, à vérifier sur place.", "a_voir": "l'enchevêtrement de cours, salles et escaliers ; la tour de guet panoramique ; le musée d'art islamique installé dans l'enceinte.", "conseil": "Décor de films célèbres ; montez à la tour pour la vue sur la mer et le mausolée Bourguiba.", "photo_source": "https://commons.wikimedia.org/wiki/File:TUNISIE%20MONASTIR%20RIBAT%2002.jpg", "vkey": "ribat-de-monastir-f6d702"}}, {"type": "Feature", "geometry": {"type": "Point", "coordinates": [10.8336, 35.77563]}, "properties": {"nom": "Grande Mosquée de Monastir", "type": "batiment", "epoque": "Islamique", "description": "Grande Mosquée de Monastir, voisine du ribat, d'origine médiévale et plusieurs fois remaniée.", "source": "Wikidata Q3114981 ; Wikipedia (Grande Mosquee de Monastir)", "photo": "img/Great_Mosque_Monastir.jpg", "photo_credit": "Miroslav Krejcirik, CC BY 2.0, Wikimedia Commons", "gouvernorat": "Monastir", "horaires": "Lieu de culte — visite possible aux heures d'ouverture, tenue correcte exigée.", "a_voir": "Mosquée d'origine médiévale plusieurs fois remaniée, voisine immédiate du ribat.", "conseil": "À enchaîner avec la visite du ribat tout proche ; tenue correcte exigée.", "photo_source": "https://commons.wikimedia.org/wiki/File:Great%20Mosque%20Monastir.jpg", "vkey": "grande-mosquee-de-monastir-ca8412"}}, {"type": "Feature", "geometry": {"type": "Point", "coordinates": [11.06222, 35.50472]}, "properties": {"nom": "Mahdia (médina et site historique)", "type": "ville", "epoque": "Islamique (fatimide)", "description": "Ancienne capitale fatimide fondée au Xe siècle sur une presqu'ile fortifiée, avec sa porte monumentale (Skifa Kahla) et sa grande mosquée.", "source": "Wikidata Q466054 / Q328164 ; Wikipedia (Mahdia)", "photo": "img/Mahdia_des_de_la_Torre_Obscura.jpg", "photo_credit": "Jaume Ollé, CC BY 3.0, Wikimedia Commons", "gouvernorat": "Mahdia", "a_voir": "la porte monumentale Skifa Kahla ; la grande mosquée fatimide reconstruite ; le Borj el-Kebir ; le cimetière marin et le cap Afrique.", "conseil": "Flânez sur la presqu'île au coucher du soleil ; le port de pêche s'anime tôt le matin.", "photo_source": "https://commons.wikimedia.org/wiki/File:Mahdia%20des%20de%20la%20Torre%20Obscura.jpg", "vkey": "mahdia-medina-et-site-historique-e24e96"}}, {"type": "Feature", "geometry": {"type": "Point", "coordinates": [11.07205, 35.5039]}, "properties": {"nom": "Grande Mosquée de Mahdia", "type": "batiment", "epoque": "Islamique (fatimide)", "description": "Grande Mosquée fatimide de Mahdia, reconstruite a l'identique au XXe siècle d'après son plan d'origine du Xe siècle.", "source": "Wikidata Q3609224 ; Wikipedia (Grande Mosquee de Mahdia)", "photo": "img/VueGrandeMosqueMahdia.jpg", "photo_credit": "Citizen59, CC BY-SA 3.0, Wikimedia Commons", "gouvernorat": "Mahdia", "horaires": "Lieu de culte — visite possible aux heures d'ouverture, tenue correcte exigée.", "a_voir": "la façade-portique monumentale et son portail en saillie, restitution du plan fatimide du Xe siècle ; la cour ouverte sur la mer.", "conseil": "Belle lumière en fin d'après-midi sur la pierre claire, face au port.", "photo_source": "https://commons.wikimedia.org/wiki/File:VueGrandeMosqueMahdia.JPG", "vkey": "grande-mosquee-de-mahdia-9f9c88"}}, {"type": "Feature", "geometry": {"type": "Point", "coordinates": [10.7608, 34.736]}, "properties": {"nom": "Grande Mosquée de Sfax", "type": "batiment", "epoque": "Islamique (aghlabide)", "description": "Grande Mosquée au cœur de la médina de Sfax, fondée a l'époque aghlabide (IXe siècle) et plusieurs fois agrandie.", "source": "Wikidata Q12185322 ; Wikipedia (Grande Mosquee de Sfax)", "photo": "img/Grande_Mosqu_e_de_Sfax_01.jpg", "photo_credit": "IssamBarhoumi, CC BY-SA 4.0, Wikimedia Commons", "gouvernorat": "Sfax", "horaires": "Lieu de culte — visite possible aux heures d'ouverture, tenue correcte exigée.", "a_voir": "le minaret à décor géométrique sculpté ; les façades ornées d'inscriptions ; sa position au cœur des souks de la médina.", "conseil": "Tournez autour du minaret par les ruelles des souks pour en saisir les décors.", "photo_source": "https://commons.wikimedia.org/wiki/File:Grande%20Mosqu%C3%A9e%20de%20Sfax%2001.jpg", "vkey": "grande-mosquee-de-sfax-c2154f"}}, {"type": "Feature", "geometry": {"type": "Point", "coordinates": [9.44682, 36.5539]}, "properties": {"nom": "Grande Mosquée de Testour", "type": "batiment", "epoque": "Islamique (morisque / ottoman)", "description": "Mosquée de Testour, ville fondée au XVIIe siècle par des Andalous (Morisques) chasses d'Espagne ; minaret a influence hispano-mauresque, dont une horloge.", "source": "Wikidata Q3114985 ; Wikipedia (Grande Mosquee de Testour)", "photo": "img/Grande_Mosqu_e_de_Testour_27.jpg", "photo_credit": "IssamBarhoumi, CC BY-SA 4.0, Wikimedia Commons", "gouvernorat": "Béja", "horaires": "Lieu de culte — visite possible aux heures d'ouverture, tenue correcte exigée.", "a_voir": "le minaret hispano-mauresque à horloge ; le décor andalou apporté par les Morisques ; la place de la ville fondée au XVIIe siècle.", "conseil": "Combinez avec le festival de malouf l'été ; village andalou pittoresque sur la Medjerda.", "photo_source": "https://commons.wikimedia.org/wiki/File:Grande%20Mosqu%C3%A9e%20de%20Testour%2027.JPG", "vkey": "grande-mosquee-de-testour-69aa9e"}}, {"type": "Feature", "geometry": {"type": "Point", "coordinates": [8.71472, 36.18222]}, "properties": {"nom": "Le Kef (kasbah et médina)", "type": "ville", "epoque": "Islamique / Ottoman", "description": "Ville de hauteur du nord-ouest dominee par sa kasbah ottomane, superposée sur l'antique Sicca Veneria. Ensemble de mosquées, zaouïas et basilique.", "source": "Wikidata Q328199 ; Wikipedia (Le Kef)", "photo": "img/El_Kef_roman_baths__mosque_and_casbah.jpg", "photo_credit": "Alexandre Moreau, CC BY-SA 2.0, Wikimedia Commons", "gouvernorat": "Le Kef", "a_voir": "La kasbah ottomane dominant la ville, la médina aux mosquées et zaouïas, et la basilique paléochrétienne Dar El Kous, le tout superposé à l'antique Sicca Veneria.", "conseil": "Ville de hauteur agreable a parcourir a pied ; prevoyez une demi-journee et de bonnes chaussures pour les ruelles en pente.", "photo_source": "https://commons.wikimedia.org/wiki/File:El%20Kef%20roman%20baths%2C%20mosque%20and%20casbah.jpg", "vkey": "le-kef-kasbah-et-medina-39e46f"}}, {"type": "Feature", "geometry": {"type": "Point", "coordinates": [8.704167, 36.1795]}, "properties": {"nom": "Basilique Saint-Pierre (Dar El Kous, Le Kef)", "type": "batiment", "epoque": "Romain / Byzantin (paleochretien)", "description": "Ancienne basilique chrétienne (dite Dar El Kous) au Kef, l'un des édifices paléochrétiens les mieux conservés de Tunisie.", "source": "Wikidata Q2887028 ; Wikipedia (Basilique Saint-Pierre du Kef)", "photo": "img/Le_Kef_-_Abside_de_la_basilique_Saint-Pierre.jpg", "photo_credit": "Neurdein, Public domain, Wikimedia Commons", "gouvernorat": "Le Kef", "a_voir": "L'un des édifices paléochrétiens les mieux conservés de Tunisie, avec son abside et ses arcs encore en place.", "conseil": "Visite courte au cœur du Kef, a integrer a un parcours de la médina.", "photo_source": "https://commons.wikimedia.org/wiki/File:Le%20Kef%20-%20Abside%20de%20la%20basilique%20Saint-Pierre.jpg", "vkey": "basilique-saint-pierre-dar-el-kous-le-ke-9bb1ec"}}, {"type": "Feature", "geometry": {"type": "Point", "coordinates": [10.85944, 33.81389]}, "properties": {"nom": "Synagogue de la Ghriba (Djerba)", "type": "batiment", "epoque": "Patrimoine judeo-djerbien", "description": "Plus ancienne synagogue de Tunisie, a Erriadh (Hara Seghira) sur l'ile de Djerba, lieu de pelerinage juif annuel.", "source": "Wikidata Q311734 ; Wikipedia (Synagogue de la Ghriba)", "photo": "img/L_entr_e_principale.jpg", "photo_credit": "Noomen9, CC BY-SA 4.0, Wikimedia Commons", "gouvernorat": "Médenine", "a_voir": "La plus ancienne synagogue de Tunisie, a Erriadh, interieur tapissé de carreaux de faience et lieu d'un pelerinage juif annuel.", "conseil": "Tenue correcte demandee ; l'affluence culmine lors du pelerinage du printemps (Lag Ba'omer).", "photo_source": "https://commons.wikimedia.org/wiki/File:L%27entr%C3%A9e%20principale.JPG", "legende": "La plus ancienne synagogue d'Afrique. La tradition raconte qu'une <b>pierre tomba du ciel</b> pour en marquer l'emplacement, et qu'une jeune fille mystérieuse, *la Ghriba* (« l'étrangère »), y vécut seule — retrouvée intacte après un incendie. Une porte viendrait du Temple de Jérusalem. Le pèlerinage est toujours vivant.", "vkey": "synagogue-de-la-ghriba-djerba-05e90c"}}, {"type": "Feature", "geometry": {"type": "Point", "coordinates": [10.96373, 33.86794]}, "properties": {"nom": "Mosquée de Djerba (architecture djerbienne)", "type": "batiment", "epoque": "Islamique", "description": "Mosquée traditionnelle de l'architecture djerbienne, aux volumes blanchis et coupoles caractéristiques de l'ile.", "source": "Wikidata Q107700732 ; Wikipedia (mosquees de Djerba)", "photo": "img/Sidi_Mahrez_Mosque__Djerba_.jpg", "photo_credit": "Reda Kerbouche, CC BY-SA 4.0, Wikimedia Commons", "gouvernorat": "Médenine", "a_voir": "Architecture djerbienne typique : volumes blanchis a la chaux, coupoles arrondies et lignes epurees.", "conseil": "L'acces interieur peut être réserve aux fideles ; admirez surtout les volumes blancs en lumière rasante.", "photo_source": "https://commons.wikimedia.org/wiki/File:Sidi%20Mahrez%20Mosque%20%28Djerba%29.jpg", "vkey": "mosquee-de-djerba-architecture-djerbienn-2b03ee"}}, {"type": "Feature", "geometry": {"type": "Point", "coordinates": [10.92221, 33.68582]}, "properties": {"nom": "Meninx", "type": "ville", "epoque": "Punique / Romain", "description": "Principale cité antique de l'ile de Djerba, réputée dans l'Antiquité pour la production de pourpre. Vestiges de forum et d'amphithéâtre.", "source": "Wikidata Q3306003 ; Wikipedia (Meninx)", "photo": "img/Basilica__Meninx__Djerba__2025_.jpg", "photo_credit": "Joel Bellviure, CC BY 4.0, Wikimedia Commons", "gouvernorat": "Médenine", "a_voir": "Principale cité antique de Djerba, jadis réputée pour la pourpre : vestiges de forum et restes d'édifices au sud de l'ile.", "conseil": "Site archéologique a ciel ouvert, peu aménagé : chaussures fermees et eau recommandees.", "photo_source": "https://commons.wikimedia.org/wiki/File:Basilica%2C%20Meninx%20%28Djerba%2C%202025%29.jpg", "vkey": "meninx-565990"}}, {"type": "Feature", "geometry": {"type": "Point", "coordinates": [10.51457, 32.78853]}, "properties": {"nom": "Ksar Ouled Soltane", "type": "batiment", "epoque": "Berbere (medieval/post-medieval)", "description": "Ksar berbère a ghorfas (cellules de stockage sur plusieurs étages) au sud de Tataouine, parmi les mieux conservés du Sud tunisien.", "source": "Wikidata Q2670896 ; Wikipedia (Ksar Ouled Soltane)", "photo": "img/Ksar_Ouled_Soltane_01.jpg", "photo_credit": "Ian Sewell, CC BY 2.5, Wikimedia Commons", "gouvernorat": "Tataouine", "horaires": "Site géré par l'AMVPPC — ouvert en journée ; horaires variables selon la saison, à vérifier sur place.", "a_voir": "L'un des ksour a ghorfas les mieux conservés du Sud, ses cellules de stockage s'empilant sur plusieurs étages autour de cours.", "conseil": "Lumière et photos meilleures en fin de journee ; site gere par l'AMVPPC, horaires a verifier sur place.", "photo_source": "https://commons.wikimedia.org/wiki/File:Ksar%20Ouled%20Soltane%2001.jpg", "vkey": "ksar-ouled-soltane-c65c2a"}}, {"type": "Feature", "geometry": {"type": "Point", "coordinates": [10.26208, 32.9123]}, "properties": {"nom": "Chenini (ksar et village)", "type": "ville", "epoque": "Berbere", "description": "Village berbère perche de la région de Tataouine, organise autour d'un ksar de crête et de greniers fortifies.", "source": "Wikidata Q73805419 / Q2317502 ; Wikipedia (Chenini)", "photo": "img/Chenini-stegop-04.jpg", "photo_credit": "Stegop, CC BY-SA 3.0, Wikimedia Commons", "gouvernorat": "Tataouine", "a_voir": "Village berbère perche autour d'un ksar de crête et de greniers fortifies, avec sa mosquée blanche en contrebas.", "conseil": "Montee sur sentier rocailleux : bonnes chaussures et visite tot le matin pour eviter la chaleur.", "photo_source": "https://commons.wikimedia.org/wiki/File:Chenini-stegop-04.jpg", "vkey": "chenini-ksar-et-village-53d506"}}, {"type": "Feature", "geometry": {"type": "Point", "coordinates": [10.28806, 32.86667]}, "properties": {"nom": "Douiret (ksar et village)", "type": "ville", "epoque": "Berbere", "description": "Village berbère troglodytique et son ksar de crête, au sud-ouest de Tataouine, longtemps habite par une communaute amazighe.", "source": "Wikidata Q311889 / Q73805427 ; Wikipedia (Douiret)", "photo": "img/Douiret2.jpg", "photo_credit": "Andy Carvin, CC BY-SA 2.5, Wikimedia Commons", "gouvernorat": "Tataouine", "a_voir": "Village berbère troglodytique et son ksar de crête, longtemps habites par une communaute amazighe.", "conseil": "Terrain escarpe et expose : prevoir eau, chapeau et chaussures de marche.", "photo_source": "https://commons.wikimedia.org/wiki/File:Douiret2.jpg", "vkey": "douiret-ksar-et-village-6da973"}}, {"type": "Feature", "geometry": {"type": "Point", "coordinates": [10.25195, 32.98415]}, "properties": {"nom": "Guermessa (ksar et village)", "type": "ville", "epoque": "Berbere", "description": "Village berbère perche avec ksar de crête, dans la région de Tataouine, moins fréquenté que Chenini et Douiret.", "source": "Wikidata Q73801773 / Q3118920 ; Wikipedia (Guermessa)", "photo": "img/KsarGuermessa.jpg", "photo_credit": "Ziegler175, CC BY-SA 3.0, Wikimedia Commons", "gouvernorat": "Tataouine", "a_voir": "Village berbère perche avec ksar de crête, plus calme et moins fréquenté que Chenini et Douiret.", "conseil": "Acces parfois delicat : un 4x4 ou un guide local facilite la montee.", "photo_source": "https://commons.wikimedia.org/wiki/File:KsarGuermessa.jpg", "vkey": "guermessa-ksar-et-village-59b12f"}}, {"type": "Feature", "geometry": {"type": "Point", "coordinates": [10.312673, 33.09928]}, "properties": {"nom": "Ksar Hadada", "type": "batiment", "epoque": "Berbere", "description": "Ksar a ghorfas au nord de Tataouine (région de Ghomrassen), partiellement restauré.", "source": "Wikidata Q3038022 ; Wikipedia (Ksar Hadada)", "photo": "img/Views_of_Ksar_Hadada_from_the_minaret_of_the_mosque-4.jpg", "photo_credit": "Mohatatou, CC BY-SA 4.0, Wikimedia Commons", "gouvernorat": "Tataouine", "a_voir": "Ksar a ghorfas partiellement restauré, au nord de Tataouine près de Ghomrassen.", "conseil": "Visite rapide possible ; combinable avec les ksour voisins de la région de Ghomrassen.", "photo_source": "https://commons.wikimedia.org/wiki/File:Views%20of%20Ksar%20Hadada%20from%20the%20minaret%20of%20the%20mosque-4.jpg", "vkey": "ksar-hadada-383563"}}, {"type": "Feature", "geometry": {"type": "Point", "coordinates": [10.15715, 33.29118]}, "properties": {"nom": "Ksar Hallouf", "type": "batiment", "epoque": "Berbere", "description": "Ksar fortifié de la région de Medenine (Beni Khedache), dresse sur un relief dominant la vallée.", "source": "Wikidata Q11736787 ; Wikipedia (Ksar Hallouf)", "photo": "img/Ksar_Hallouf.jpg", "photo_credit": "No machine-readable author provided. Adel BRAHEM~commonswiki, CC BY-SA 3.0, Wikimedia Commons", "gouvernorat": "Médenine", "a_voir": "Ksar fortifié dresse sur un relief dominant la vallée, dans la région de Beni Khedache.", "conseil": "Route de montagne : conduite prudente et eau pour la chaleur.", "photo_source": "https://commons.wikimedia.org/wiki/File:Ksar%20Hallouf.JPG", "vkey": "ksar-hallouf-657044"}}, {"type": "Feature", "geometry": {"type": "Point", "coordinates": [9.96681, 33.54264]}, "properties": {"nom": "Matmata", "type": "ville", "epoque": "Berbere", "description": "Village berbère connu pour ses habitations troglodytiques creusées en cratère dans le sol. Coordonnée du centre de la localite.", "source": "Wikidata Q338512 ; Wikipedia (Matmata)", "photo": "img/Matmata_1992_06.jpg", "photo_credit": "LBM1948, CC BY-SA 4.0, Wikimedia Commons", "gouvernorat": "Gabès", "a_voir": "Village connu pour ses maisons troglodytiques creusées en cratère dans le sol, autour de cours circulaires.", "conseil": "Certaines maisons se visitent ; respectez l'intimite des habitants et evitez les heures les plus chaudes.", "photo_source": "https://commons.wikimedia.org/wiki/File:Matmata%201992%2006.jpg", "anecdote": "Les maisons <b>troglodytes</b> en cratère ont servi de demeure à <b>Luke Skywalker</b> dans *Star Wars* : la planète <b>Tatooine</b> doit son nom à la ville voisine de <b>Tataouine</b>. L'hôtel Sidi Driss se visite encore.", "vkey": "matmata-16e22f"}}, {"type": "Feature", "geometry": {"type": "Point", "coordinates": [10.13333, 33.46667]}, "properties": {"nom": "Toujane", "type": "ville", "epoque": "Berbere", "description": "Village berbère de montagne accroche aux pentes des monts de Matmata, repute pour son tissage et son paysage en terrasses.", "source": "Wikidata Q3108075 ; Wikipedia (Toujane)", "photo": "img/Toujane.jpg", "photo_credit": "http2007, CC BY 2.0, Wikimedia Commons", "gouvernorat": "Gabès", "a_voir": "Village berbère accroche aux pentes des monts de Matmata, repute pour son tissage et ses cultures en terrasses.", "conseil": "La route panoramique depuis Matmata est superbe : roulez doucement pour profiter des points de vue.", "photo_source": "https://commons.wikimedia.org/wiki/File:Toujane.jpg", "vkey": "toujane-cbb758"}}, {"type": "Feature", "geometry": {"type": "Point", "coordinates": [10.3275, 36.15]}, "properties": {"nom": "Takrouna", "type": "ville", "epoque": "Berbere", "description": "Village berbère perche sur un piton rocheux près d'Enfidha, au tissu ancien blanchi. Coordonnée approximative du sommet du village.", "source": "Wikidata Q3514372 ; Wikipedia (Takrouna)", "photo": "img/Tunisia_Staff_Ride_-_U.S._Army_Africa_Soldiers_apply_WWII_North_Africa_campaign_lessons_to.jpg", "photo_credit": "US Army Africa from Vicenza, Italy, Public domain, Wikimedia Commons", "gouvernorat": "Sousse", "a_voir": "le vieux village blanc perché sur son piton ; la zaouïa au sommet ; la vue à 360° sur la plaine du Sahel.", "conseil": "Montez au sommet pour le panorama ; un café domine le village.", "photo_source": "https://commons.wikimedia.org/wiki/File:Tunisia%20Staff%20Ride%20-%20U.S.%20Army%20Africa%20Soldiers%20apply%20WWII%20North%20Africa%20campaign%20lessons%20to%20current%20mission%20-%20May%202010%20%284666040584%29.jpg", "vkey": "takrouna-fa1e03"}}, {"type": "Feature", "geometry": {"type": "Point", "coordinates": [11.04844, 35.39228]}, "properties": {"nom": "Salakta (Sullecthum)", "type": "ville", "epoque": "Romain", "description": "Ancien port romain du Sahel (Sullecthum), centre de production et d'exportation d'huile et de garum. Petit musée et vestiges côtiers.", "source": "Wikidata Q286794 ; Wikipedia (Salakta)", "photo": "img/Tunisie_Site_Salakta.jpg", "photo_credit": "Rais67, Public domain, Wikimedia Commons", "gouvernorat": "Mahdia", "a_voir": "Ancien port romain du Sahel, centre de production d'huile et de garum : vestiges côtiers et petit musée local (mosaïque du lion).", "conseil": "Couplez le site et son musée, et profitez du front de mer.", "photo_source": "https://commons.wikimedia.org/wiki/File:Tunisie%20Site%20Salakta.jpg", "vkey": "salakta-sullecthum-d8d5a7"}}, {"type": "Feature", "geometry": {"type": "Point", "coordinates": [10.668197, 34.655157]}, "properties": {"nom": "Thaenae (Thyna)", "type": "ville", "epoque": "Romain", "description": "Cité romaine au sud de Sfax, a l'extremite de la fossa regia, avec thermes, basiliques et mosaïques.", "source": "Wikidata Q3519416 ; Wikipedia (Thaenae)", "photo": "", "photo_credit": "", "gouvernorat": "Sfax", "a_voir": "Cité romaine au sud de Sfax, a l'extremite de la fossa regia : vestiges de thermes, de basiliques et de mosaïques.", "conseil": "Site etendu et peu ombrage, en bord de mer : prevoyez de l'eau et de bonnes chaussures.", "vkey": "thaenae-thyna-61bbac"}}, {"type": "Feature", "geometry": {"type": "Point", "coordinates": [10.131207, 36.387005]}, "properties": {"nom": "Temple des Eaux de Zaghouan", "type": "batiment", "epoque": "Romain", "description": "Nymphee monumental edifie au pied du Djebel Zaghouan, captant les sources qui alimentaient l'aqueduc de Carthage.", "source": "Wikidata Q20107688 ; Wikipedia (Temple des Eaux de Zaghouan)", "photo": "img/TempleEauxZaghouan.jpg", "photo_credit": "Citizen59, CC BY 3.0, Wikimedia Commons", "gouvernorat": "Zaghouan", "a_voir": "Le nymphée romain en hémicycle adossé au flanc du djebel, son bassin et ses niches qui captaient les sources alimentant l'aqueduc de Carthage, dans un cadre boisé.", "conseil": "Au-dessus de la ville de Zaghouan ; belle halte fraîche, à combiner avec une montée vers le parc national.", "photo_source": "https://commons.wikimedia.org/wiki/File:TempleEauxZaghouan.jpg", "vkey": "temple-des-eaux-de-zaghouan-854fc0"}}, {"type": "Feature", "geometry": {"type": "Point", "coordinates": [9.508333, 30.141667]}, "properties": {"nom": "Limes Tripolitanus (frontière saharienne)", "type": "route", "epoque": "Romain", "description": "Système de fortifications et de pistes controlant la frontière meridionale de l'Afrique romaine (postes, fortins, centenaria) dans le presaharien. Coordonnée indicative d'un secteur, approximative.", "source": "Wikidata Q2316992 ; Wikipedia (Limes Tripolitanus)", "photo": "img/Limes_Tripolitanus.png", "photo_credit": "Mediatus, CC BY-SA 3.0, Wikimedia Commons", "gouvernorat": "Tataouine", "a_voir": "Reseau de fortins, postes et pistes romains controlant la frontière saharienne ; vestiges épars dans le presaharien.", "conseil": "Secteur etendu et desertique : 4x4, guide et provisions d'eau indispensables.", "photo_source": "https://commons.wikimedia.org/wiki/File:Limes%20Tripolitanus.png", "vkey": "limes-tripolitanus-frontiere-saharienne-edbcce"}}, {"type": "Feature", "geometry": {"type": "Point", "coordinates": [9.616217, 33.008603]}, "properties": {"nom": "Tisavar (Ksar Rhilane)", "type": "batiment", "epoque": "Romain", "description": "Fortin romain (centenarium) du limes Tripolitanus, isolé en bordure du désert près de Ksar Ghilane.", "source": "Wikidata Q14612528 ; Wikipedia (Tisavar)", "photo": "img/Castellum_Tisavar__Ksar_Rhilane__Ksar_Ghilane___Tunisia.jpg", "photo_credit": "Bellyglad, CC BY 2.0, Wikimedia Commons", "gouvernorat": "Kébili", "horaires": "Site géré par l'AMVPPC — ouvert en journée ; horaires variables selon la saison, à vérifier sur place.", "a_voir": "Fortin romain (centenarium) du limes, isolé en bordure du désert près de Ksar Ghilane.", "conseil": "Acces par piste saharienne : 4x4 et guide recommandes ; emportez de l'eau.", "photo_source": "https://commons.wikimedia.org/wiki/File:Castellum%20Tisavar%20%28Ksar%20Rhilane%2C%20Ksar%20Ghilane%29%2C%20Tunisia.jpg", "vkey": "tisavar-ksar-rhilane-335bfd"}}, {"type": "Feature", "geometry": {"type": "Point", "coordinates": [8.785479, 34.414948]}, "properties": {"nom": "Grande Mosquée de Gafsa", "type": "batiment", "epoque": "Islamique", "description": "Grande Mosquée de Gafsa au cœur de l'oasis, a proximité des piscines romaines de la ville. Région de la culture capsienne préhistorique.", "source": "Wikidata Q33905740 ; Wikipedia (Grande Mosquee de Gafsa)", "photo": "img/La_grande_mosqu_e_de_Gafsa__minaret__juin_2013.jpg", "photo_credit": "Habib M'henni, CC BY-SA 3.0, Wikimedia Commons", "gouvernorat": "Gafsa", "a_voir": "Grande Mosquée au cœur de l'oasis de Gafsa, a deux pas des piscines romaines.", "conseil": "Interieur souvent réserve aux fideles ; couplez la visite avec la médina toute proche.", "photo_source": "https://commons.wikimedia.org/wiki/File:La%20grande%20mosqu%C3%A9e%20de%20Gafsa%2C%20minaret%2C%20juin%202013.jpg", "vkey": "grande-mosquee-de-gafsa-d4787f"}}, {"type": "Feature", "geometry": {"type": "Point", "coordinates": [8.73111, 34.528806]}, "properties": {"nom": "Gisement préhistorique d'El Mekta (Capsien)", "type": "ville", "epoque": "Prehistorique (Capsien)", "description": "Site éponyme et de reference de la culture capsienne (epipaleolithique) près de Gafsa, escargotieres et industrie lithique. Coordonnée du gisement.", "source": "Wikidata Q97365542 ; Wikipedia (El Mekta / Capsien)", "photo": "", "photo_credit": "", "gouvernorat": "Gafsa", "a_voir": "Site éponyme de la culture capsienne : escargotieres et industrie lithique de l'epipaleolithique.", "conseil": "Site d'intérêt surtout scientifique, peu spectaculaire : un guide ou le musée de Gafsa aide a le comprendre.", "vkey": "gisement-prehistorique-d-el-mekta-capsie-a907e8"}}, {"type": "Feature", "geometry": {"type": "Point", "coordinates": [8.786938, 34.415692]}, "properties": {"nom": "Piscines romaines de Gafsa", "type": "batiment", "epoque": "Romain", "description": "Bassins romains alimentes par des sources au cœur de la médina de Gafsa, l'antique Capsa. Deux bassins centraux a ciel ouvert, avec inscriptions latines.", "source": "Wikidata Q42764187 ; Wikipedia (Roman baths of Gafsa)", "photo": "img/Roman_Pool_in_Gafsa.jpg", "photo_credit": "Chris Barr, CC BY-SA 2.0, Wikimedia Commons", "gouvernorat": "Gafsa", "a_voir": "Deux bassins romains a ciel ouvert alimentes par des sources, avec inscriptions latines, au cœur de la médina.", "conseil": "Visite courte et ombragee par moments ; combinez avec le musée et la mosquée voisins.", "photo_source": "https://commons.wikimedia.org/wiki/File:Roman%20Pool%20in%20Gafsa.jpg", "vkey": "piscines-romaines-de-gafsa-1fd39a"}}, {"type": "Feature", "geometry": {"type": "Point", "coordinates": [8.572117, 36.182806]}, "properties": {"nom": "Hammam Mellegue (thermes romains)", "type": "batiment", "epoque": "Romain", "description": "Thermes romains antiques toujours en activite, sur l'oued Mellegue a une dizaine de km au sud-ouest du Kef. Bassins et structures d'origine encore alimentes par les eaux thermales.", "source": "Wikidata Q42755805 ; Wikipedia (Mellegue Hammam)", "photo": "img/Hammem_Malleg_Kef_02.jpg", "photo_credit": "IssamBarhoumi, CC BY-SA 4.0, Wikimedia Commons", "gouvernorat": "Le Kef", "a_voir": "Des thermes romains encore alimentes par les eaux thermales, avec bassins et structures antiques toujours en usage, au bord de l'oued Mellegue.", "conseil": "Acces a une dizaine de km au sud-ouest du Kef par piste : prevoyez un vehicule adapte et renseignez-vous sur l'état de la route.", "photo_source": "https://commons.wikimedia.org/wiki/File:Hammem%20Malleg%20Kef%2002.jpg", "vkey": "hammam-mellegue-thermes-romains-d295bc"}}, {"type": "Feature", "geometry": {"type": "Point", "coordinates": [8.712694, 36.181957]}, "properties": {"nom": "Kasbah du Kef", "type": "batiment", "epoque": "Ottoman", "description": "Forteresse ottomane du Kef, etablie a partir de 1600 pour la defense et l'administration de la cité. Domine la médina, accueille aujourd'hui des manifestations culturelles.", "source": "Wikidata Q23799088 ; Wikipedia (Kasbah of Le Kef)", "photo": "img/Les_ruines_de_la_kasbah_du_kef_9.jpg", "photo_credit": "Noomen9, CC BY-SA 4.0, Wikimedia Commons", "gouvernorat": "Le Kef", "a_voir": "La forteresse ottomane (a partir de 1600) dominant la médina, ses remparts et bastions, aujourd'hui lieu de manifestations culturelles.", "conseil": "Montez en fin d'après-midi pour le panorama sur la ville et la plaine ; comptez environ 1 heure.", "photo_source": "https://commons.wikimedia.org/wiki/File:Les%20ruines%20de%20la%20kasbah%20du%20kef%209.jpg", "vkey": "kasbah-du-kef-d030b2"}}, {"type": "Feature", "geometry": {"type": "Point", "coordinates": [8.7127, 36.1819]}, "properties": {"nom": "Zaouïa de Sidi Bou Makhlouf", "type": "batiment", "epoque": "Ottoman / Islamique", "description": "Zaouïa abritant le tombeau de Sidi Bou Makhlouf, saint patron du Kef, au pied des remparts de la Kasbah (a partir du XVIIe s.), avec coupoles et minaret octogonal. Coordonnée approximative.", "source": "Wikidata Q3301820 ; Wikipedia (Mausolee Sidi Bou Makhlouf)", "photo": "img/Sidi_Bou_Makhlouf_roof.jpg", "photo_credit": "Alexandre Moreau, CC BY-SA 2.0, Wikimedia Commons", "gouvernorat": "Le Kef", "a_voir": "Le mausolée du saint patron du Kef avec ses coupoles et son minaret octogonal, au pied des remparts de la kasbah.", "conseil": "Visite breve, a enchainer avec la montee a la kasbah toute proche.", "photo_source": "https://commons.wikimedia.org/wiki/File:Sidi_Bou_Makhlouf_roof.jpg", "vkey": "zaouia-de-sidi-bou-makhlouf-e2da5f"}}, {"type": "Feature", "geometry": {"type": "Point", "coordinates": [8.714106, 36.18059]}, "properties": {"nom": "Synagogue de la Ghriba du Kef", "type": "batiment", "epoque": "Moderne", "description": "Ancienne synagogue du quartier juif de la Hara, dite Ghribet el Kef, de rite séfarade. Abandonnée en 1984 puis restaurée, rouverte en 1994.", "source": "Wikidata Q3508103 ; Wikipedia (Synagogue de la Ghriba (Le Kef))", "photo": "img/Ghriba_du_Kef.jpg", "photo_credit": "Camille56, CC BY-SA 4.0, Wikimedia Commons", "gouvernorat": "Le Kef", "a_voir": "L'ancienne synagogue séfarade du quartier juif de la Hara, restaurée et rouverte en 1994.", "conseil": "Petit édifice a voir lors d'une promenade dans la médina ; acces parfois soumis a autorisation locale.", "photo_source": "https://commons.wikimedia.org/wiki/File:Ghriba%20du%20Kef.jpg", "vkey": "synagogue-de-la-ghriba-du-kef-642d2a"}}, {"type": "Feature", "geometry": {"type": "Point", "coordinates": [8.7153, 36.1828]}, "properties": {"nom": "Musée regional des arts et traditions du Kef", "type": "batiment", "epoque": "Ottoman / Islamique", "description": "Musée ethnographique installé dans l'ancienne zaouïa de Sidi Ben Aissa, complexe soufi de 1784. Ouvert en 1970, il presente le mode de vie des tribus de Tunisie.", "source": "Wikidata Q21985025 ; Wikipedia (Museum of Popular Arts and Traditions of Le Kef)", "photo": "img/Musee_des_arts_et_traditions_populaires_du_Kef.jpg", "photo_credit": "Camille56, CC BY-SA 4.0, Wikimedia Commons", "gouvernorat": "Le Kef", "horaires": "Musée — ouvert en journée (fermeture hebdomadaire possible) ; horaires à vérifier sur place.", "a_voir": "Les collections ethnographiques sur le mode de vie des tribus de Tunisie, dans l'ancienne zaouïa soufie de Sidi Ben Aissa (1784).", "conseil": "Comptez environ 1 heure ; bonne etape pour comprendre la culture locale avant d'explorer la région.", "photo_source": "https://commons.wikimedia.org/wiki/File:Musee%20des%20arts%20et%20traditions%20populaires%20du%20Kef.jpg", "vkey": "musee-regional-des-arts-et-traditions-du-9660cc"}}, {"type": "Feature", "geometry": {"type": "Point", "coordinates": [9.3597, 36.5239]}, "properties": {"nom": "Thignica (Ain Tounga)", "type": "ville", "epoque": "Numide / Romain / Byzantin", "description": "Cité antique dans la vallée de la Medjerda, près de Testour et Dougga. Vestiges marquants d'une forteresse byzantine, temples, thermes et habitations.", "source": "Wikidata Q2876389 ; Wikipedia (Ain Tounga)", "photo": "img/Fortress_Towet_at_Ain_Tounga__Tunisia.jpg", "photo_credit": "Graham Claytor / Institute for the Study of the Ancient Worl, CC BY 2.0, Wikimedia Commons", "gouvernorat": "Béja", "a_voir": "La forteresse byzantine bien visible qui domine le site, ainsi que les vestiges de temples, de thermes et d'habitations romaines dans la vallée de la Medjerda.", "conseil": "Étape rapide sur la route de Testour à Dougga ; chaussures de marche pour approcher la forteresse.", "photo_source": "https://commons.wikimedia.org/wiki/File:Fortress%20Towet%20at%20Ain%20Tounga%2C%20Tunisia.jpg", "vkey": "thignica-ain-tounga-ed8055"}}, {"type": "Feature", "geometry": {"type": "Point", "coordinates": [9.1061, 36.5225]}, "properties": {"nom": "Thibaris (Thibar)", "type": "ville", "epoque": "Romain", "description": "Ancienne cité romaine sur une colonie de veterans de Marius, devenue municipe. Basilique et amphithéâtre ; évêché chrétien atteste des 256.", "source": "Wikidata Q3523994 ; Wikipedia (Thibar)", "photo": "img/Thibar_2_369002614.jpg", "photo_credit": "Orkhan from Tunisia, CC BY 2.0, Wikimedia Commons", "gouvernorat": "Béja", "a_voir": "Les vestiges de la basilique et de l'amphithéâtre de l'ancienne colonie romaine, dans un cadre rural.", "conseil": "Petit site modeste : une courte halte suffit, à combiner avec les autres cités antiques de la vallée de la Medjerda.", "photo_source": "https://commons.wikimedia.org/wiki/File:Thibar%202%20369002614.jpg", "vkey": "thibaris-thibar-6421f1"}}, {"type": "Feature", "geometry": {"type": "Point", "coordinates": [9.085, 36.4122]}, "properties": {"nom": "Uchi Maius (Henchir-Ed-Douames)", "type": "ville", "epoque": "Numide / Romain", "description": "Cité numide passee sous controle romain après Jugurtha, colonie sous Severe Alexandre. Arc de Severe Alexandre, arc de Gordien III, forum, thermes, basilique.", "source": "Wikidata Q3547696 ; Wikipedia (Uchi Maius)", "photo": "img/Uchi_maius_citernes.jpg", "photo_credit": "Hassene nostra, CC BY-SA 4.0, Wikimedia Commons", "gouvernorat": "Béja", "a_voir": "L'arc de Sévère Alexandre et l'arc de Gordien III, le forum, les thermes et la basilique de cette cité numido-romaine proche de Dougga.", "conseil": "Site à l'écart des routes principales : prévoir un guide ou un véhicule adapté et le coupler avec Dougga.", "photo_source": "https://commons.wikimedia.org/wiki/File:Uchi%20maius%20citernes.jpg", "vkey": "uchi-maius-henchir-ed-douames-7eca61"}}, {"type": "Feature", "geometry": {"type": "Point", "coordinates": [9.2198, 36.5232]}, "properties": {"nom": "Numluli (Henchir el Matria)", "type": "ville", "epoque": "Romain", "description": "Cité romaine d'environ 18 ha entre Beja et Dougga, parmi les mieux conservees du nord. Forum a capitole, deux thermes, basilique paléochrétienne, citernes.", "source": "Wikidata Q30591933 ; Wikipedia (Henchir el Matria)", "photo": "img/Numluli__Henchir-M_tria__2.jpg", "photo_credit": "Afek91, CC BY-SA 4.0, Wikimedia Commons", "gouvernorat": "Béja", "a_voir": "Le forum à capitole, deux ensembles de thermes, une basilique paléochrétienne et des citernes, dans l'une des cités les mieux conservées du Nord entre Béja et Dougga.", "conseil": "Site rural peu fréquenté : prévoir un véhicule, de l'eau et le combiner avec Dougga dans la même excursion.", "photo_source": "https://commons.wikimedia.org/wiki/File:Numluli%20%28Henchir-M%C3%A2tria%29%202.jpg", "vkey": "numluli-henchir-el-matria-883e49"}}, {"type": "Feature", "geometry": {"type": "Point", "coordinates": [9.2284, 36.3931]}, "properties": {"nom": "Agbia (Ain Hedja)", "type": "ville", "epoque": "Numide / Romain / Byzantin", "description": "Cité numide puis romaine (Municipium Agbiensium) proche de Dougga. Redoute byzantine tardive sur une butte dominant l'ancienne voie romaine.", "source": "Wikidata Q392050 ; Wikipedia (Agbia)", "photo": "img/Ch_teau_romain__fondouk_.._01.jpg", "photo_credit": "نعيم قربوسي, CC BY-SA 4.0, Wikimedia Commons", "gouvernorat": "Béja", "a_voir": "La redoute byzantine tardive dressée sur une butte dominant l'ancienne voie romaine, et les vestiges épars de la cité numido-romaine.", "conseil": "Petite étape à proximité de Dougga ; montée courte mais prévoir de bonnes chaussures.", "photo_source": "https://commons.wikimedia.org/wiki/File:Ch%C3%A2teau_romain_%28fondouk%29.._01.jpg", "vkey": "agbia-ain-hedja-9cb765"}}, {"type": "Feature", "geometry": {"type": "Point", "coordinates": [8.6553, 36.4487]}, "properties": {"nom": "Thunusuda (Sidi-Meskin)", "type": "ville", "epoque": "Romain", "description": "Cité d'Africa Proconsularis dans la vallée de la Medjerda, entre Chemtou et Bulla Regia, près de Bou Salem. Siège episcopal antique.", "source": "Wikidata Q30590215 ; Wikipedia (Sidi-Meskin)", "photo": "", "photo_credit": "", "gouvernorat": "Béja", "a_voir": "Les vestiges épars de cette cité antique de la vallée de la Medjerda, ancien siège épiscopal, entre Chemtou et Bulla Regia.", "conseil": "Site modeste et peu aménagé près de Bou Salem : une courte halte, à associer aux grands sites voisins.", "vkey": "thunusuda-sidi-meskin-0f3c2a"}}, {"type": "Feature", "geometry": {"type": "Point", "coordinates": [8.78686, 35.87344]}, "properties": {"nom": "Althiburos (El Medeina)", "type": "ville", "epoque": "Numide / Romain / Byzantin", "description": "Cité numide puis romaine de la délégation de Dahmani (Le Kef), parmi les plus anciennes urbanisations numides connues. Forum, temples, théâtre, arc et demeures a mosaïques.", "source": "Wikidata Q440812 ; Wikipedia (Althiburos)", "photo": "img/Dahmeni_-_Elkef_18.jpg", "photo_credit": "Elarbi alaeddin, CC BY-SA 3.0, Wikimedia Commons", "gouvernorat": "Le Kef", "a_voir": "Le forum, les temples, le théâtre, l'arc et les demeures a mosaïques d'une des plus anciennes urbanisations numides connues.", "conseil": "Près de Dahmani ; prevoyez de l'eau et environ 1h30 pour parcourir ce site etendu et peu aménagé.", "photo_source": "https://commons.wikimedia.org/wiki/File:Dahmeni%20-%20Elkef%2018.jpg", "vkey": "althiburos-el-medeina-db0e4b"}}, {"type": "Feature", "geometry": {"type": "Point", "coordinates": [9.01556, 35.99583]}, "properties": {"nom": "Assuras (Henchir Zanfour)", "type": "ville", "epoque": "Romain / Byzantin", "description": "Ville romaine d'Afrique proconsulaire, entre Siliana et le Sers. Temples, théâtre et mausolées augusteens ; siège episcopal des le milieu du IIIe siècle.", "source": "Wikidata Q104588327 ; Wikipedia (Assuras)", "photo": "img/Zannfour.jpg", "photo_credit": "Astiosaurus, CC BY-SA 3.0, Wikimedia Commons", "gouvernorat": "Le Kef", "a_voir": "Les temples, le théâtre et les mausolées augusteens de cette cité romaine devenue siège episcopal.", "conseil": "Site rural entre Siliana et Le Sers, peu balise : un guide ou des coordonnées precises aident a le reperer.", "photo_source": "https://commons.wikimedia.org/wiki/File:Zannfour.JPG", "vkey": "assuras-henchir-zanfour-b2eeb9"}}, {"type": "Feature", "geometry": {"type": "Point", "coordinates": [9.36482, 35.81447]}, "properties": {"nom": "Chusira (Kesra)", "type": "ville", "epoque": "Numide / Romain / Byzantin", "description": "Cité antique sous Kesra, le plus haut village berbère de Tunisie, près de Makthar. Cité numide de la Thusca, siège episcopal.", "source": "Wikidata Q104588890 ; Wikipedia (Chusira)", "photo": "img/Kesra.jpg", "photo_credit": "Astiosaurus, CC BY-SA 4.0, Wikimedia Commons", "gouvernorat": "Siliana", "a_voir": "Les vestiges antiques de la Thusca numide, intégrés a Kesra, le plus haut village berbère de Tunisie, aux maisons de pierre étagées.", "conseil": "Le village perche vaut autant que les ruines ; combinez la visite avec Makthar voisine et profitez des panoramas.", "photo_source": "https://commons.wikimedia.org/wiki/File:Kesra.jpg", "vkey": "chusira-kesra-6cdb3c"}}, {"type": "Feature", "geometry": {"type": "Point", "coordinates": [9.28444, 36.115]}, "properties": {"nom": "Zama Regia (Jama)", "type": "ville", "epoque": "Numide / Romain", "description": "Cité numide près de Jama, devenue colonie romaine. Localisation confirmee par une inscription en 2002 ; temple a nombreuses sculptures.", "source": "Wikidata Q1892445 ; Wikipedia (Zama Regia)", "photo": "img/Schlacht_bei_Zama_Gem_lde_H_P_Motte.jpg", "photo_credit": "Henri-Paul Motte, Public domain, Wikimedia Commons", "gouvernorat": "Siliana", "a_voir": "Les vestiges de la cité numide devenue colonie romaine, dont un temple a nombreuses sculptures, localisation confirmee par inscription en 2002.", "conseil": "Site rural près de Jama, peu aménagé : prevoyez des coordonnées precises pour le trouver.", "photo_source": "https://commons.wikimedia.org/wiki/File:Schlacht%20bei%20Zama%20Gem%C3%A4lde%20H%20P%20Motte.jpg", "vkey": "zama-regia-jama-8c42ca"}}, {"type": "Feature", "geometry": {"type": "Point", "coordinates": [8.5844, 34.9664]}, "properties": {"nom": "Thelepte (site archéologique)", "type": "ville", "epoque": "Romain / Byzantin", "description": "Vaste site (~100 ha) a ~5 km au nord de Feriana (Kasserine). Thermes a mosaïques, onze églises chretiennes et citadelle byzantine.", "source": "Wikidata Q136396025 ; Wikipedia (Thelepte)", "photo": "img/Thermes_de_Thelepte.jpg", "photo_credit": "Astiosaurus, CC BY-SA 3.0, Wikimedia Commons", "gouvernorat": "Kasserine", "a_voir": "Un vaste champ de ruines (~100 ha) avec thermes a mosaïques, onze églises chretiennes et une citadelle byzantine.", "conseil": "A ~5 km au nord de Feriana ; site etendu et expose, emportez de l'eau et prevoyez du temps de marche.", "photo_source": "https://commons.wikimedia.org/wiki/File:Thermes%20de%20Thelepte.jpg", "vkey": "thelepte-site-archeologique-ca01e5"}}, {"type": "Feature", "geometry": {"type": "Point", "coordinates": [9.0736, 35.5467]}, "properties": {"nom": "Sufes (Sbiba)", "type": "ville", "epoque": "Romain / Byzantin", "description": "Cité romaine de Byzacene (Colonia Aurelia Sufetana), sur l'actuelle Sbiba. Basilique transformee en mosquée, temple, thermes et fort byzantin de Justinien.", "source": "Wikidata Q971090 ; Wikipedia (Sufes)", "photo": "", "photo_credit": "", "gouvernorat": "Kasserine", "a_voir": "La basilique transformee en mosquée, le temple, les thermes et le fort byzantin de Justinien, sur l'actuelle Sbiba.", "conseil": "Vestiges disperses dans la ville moderne : courte visite a combiner avec Sbeitla.", "vkey": "sufes-sbiba-cf9d16"}}, {"type": "Feature", "geometry": {"type": "Point", "coordinates": [8.67, 35.5756]}, "properties": {"nom": "Site archéologique de Thala", "type": "ville", "epoque": "Numide / Romain / Byzantin", "description": "Rare ville ayant conservé son nom antique, a ~1000 m d'altitude, liée a Jugurtha. Nécropole, mausolée a deux étages, fortifications byzantines.", "source": "Wikidata Q136368801 ; Wikipedia (Site archeologique de Thala)", "photo": "img/Thala.jpg", "photo_credit": "Astiosaurus, CC BY-SA 3.0, Wikimedia Commons", "gouvernorat": "Kasserine", "a_voir": "La nécropole, un mausolée a deux étages et des fortifications byzantines, dans une rare ville ayant garde son nom antique liée a Jugurtha.", "conseil": "A ~1000 m d'altitude : prevoyez des vetements chauds, le site etant l'un des plus froids de Tunisie.", "photo_source": "https://commons.wikimedia.org/wiki/File:Thala.jpg", "vkey": "site-archeologique-de-thala-3c57be"}}, {"type": "Feature", "geometry": {"type": "Point", "coordinates": [8.798, 35.1738]}, "properties": {"nom": "Mausolée des Flavii (Cillium)", "type": "batiment", "epoque": "Romain", "description": "Mausolée-tour a trois étages érigé vers le milieu du IIe siècle près de Kasserine, portant le plus long poème épigraphique conservé du monde romain.", "source": "Wikidata Q42760700 ; Wikipedia (Mausolee des Flavii)", "photo": "img/Tomb_of_the_Flavii_at_Cillium.jpg", "photo_credit": "Pascal Lemaire, CC BY-SA 3.0, Wikimedia Commons", "gouvernorat": "Kasserine", "a_voir": "Un mausolée-tour a trois étages du milieu du IIe siècle, portant le plus long poème épigraphique conservé du monde romain.", "conseil": "Repere le plus visible du secteur antique de Cillium ; visite rapide a integrer a Kasserine.", "photo_source": "https://commons.wikimedia.org/wiki/File:Tomb%20of%20the%20Flavii%20at%20Cillium.jpg", "vkey": "mausolee-des-flavii-cillium-e907f6"}}, {"type": "Feature", "geometry": {"type": "Point", "coordinates": [9.179061, 36.723751]}, "properties": {"nom": "Kasbah de Beja", "type": "batiment", "epoque": "Byzantin / Ottoman", "description": "Citadelle dominant Beja, remaniée des époques punique et byzantine a la période ottomane. Centre culturel après l'independance.", "source": "Wikidata Q20396207 ; Wikipedia (Kasbah of Beja)", "photo": "img/Murailles_beja_04.jpg", "photo_credit": "Touzrimounir, CC BY-SA 4.0, Wikimedia Commons", "gouvernorat": "Béja", "a_voir": "La citadelle dominant Béja, dont les remparts mêlent traces puniques, byzantines et ottomanes ; aujourd'hui espace culturel offrant une vue sur la ville.", "conseil": "Montée depuis la médina ; combiner avec la Grande Mosquée et la vieille ville de Béja.", "photo_source": "https://commons.wikimedia.org/wiki/File:Murailles%20beja%2004.jpg", "vkey": "kasbah-de-beja-8634d1"}}, {"type": "Feature", "geometry": {"type": "Point", "coordinates": [9.182817, 36.725147]}, "properties": {"nom": "Grande Mosquée de Beja", "type": "batiment", "epoque": "Islamique (fatimide)", "description": "Principale mosquée de la médina de Beja, fondée en 944 sur le site d'une ancienne basilique, restaurée en 1922.", "source": "Wikidata Q20406124 ; Wikipedia (Grande Mosquee de Beja)", "photo": "img/B_ja_mosqu_e.jpg", "photo_credit": "Pradigue, CC BY-SA 3.0, Wikimedia Commons", "gouvernorat": "Béja", "a_voir": "La principale mosquée de la médina de Béja, fondée en 944 sur le site d'une ancienne basilique et restaurée en 1922.", "conseil": "Tenue correcte exigée ; à découvrir au fil d'une promenade dans la médina de Béja.", "photo_source": "https://commons.wikimedia.org/wiki/File:B%C3%A9ja%20mosqu%C3%A9e.jpg", "vkey": "grande-mosquee-de-beja-3c631e"}}, {"type": "Feature", "geometry": {"type": "Point", "coordinates": [9.612222, 36.649722]}, "properties": {"nom": "Pont de Medjez el-Bab", "type": "batiment", "epoque": "Ottoman (mouradite)", "description": "Pont a huit arches sur la Medjerda, acheve en 1677 sous Mourad II Bey, avec des pierres de remploi romaines. Toujours en service.", "source": "Wikidata Q22931502 ; Wikipedia (Pont de Medjez el-Bab)", "photo": "img/Pont_Al-Mouradi_08.jpg", "photo_credit": "Ahmed BEN YAGHLENE, CC BY-SA 3.0, Wikimedia Commons", "gouvernorat": "Béja", "a_voir": "Le pont ottoman à huit arches sur la Medjerda, achevé en 1677 sous Mourad II Bey, avec ses pierres de remploi romaines, toujours en service.", "conseil": "Visible depuis les berges ; bref arrêt sur la route, à associer au mémorial de Medjez el-Bab tout proche.", "photo_source": "https://commons.wikimedia.org/wiki/File:Pont%20Al-Mouradi%2008.jpg", "vkey": "pont-de-medjez-el-bab-157541"}}, {"type": "Feature", "geometry": {"type": "Point", "coordinates": [8.758611, 36.955278]}, "properties": {"nom": "Fort genois de Tabarka", "type": "batiment", "epoque": "Moderne (XVIe siecle)", "description": "Forteresse genoise du XVIe siècle dominant le vieux port de Tabarka, vestige de la présence de la famille Lomellini. Phare ajoute fin XIXe.", "source": "Wikidata Q38803184 ; Wikipedia (Phare de Tabarka)", "photo": "img/Tabarka_tunisie_3.jpg", "photo_credit": "Bellahssane Hanafi, CC BY-SA 4.0, Wikimedia Commons", "gouvernorat": "Jendouba", "a_voir": "le fort génois perché sur son îlot relié à la côte ; les remparts et le panorama sur la baie et les Aiguilles.", "conseil": "Montez en fin d'après-midi pour la vue sur les célèbres rochers des Aiguilles.", "photo_source": "https://commons.wikimedia.org/wiki/File:Tabarka%20tunisie%203.jpg", "vkey": "fort-genois-de-tabarka-dd083f"}}, {"type": "Feature", "geometry": {"type": "Point", "coordinates": [8.755, 36.955833]}, "properties": {"nom": "Église Sainte-Maxime de Tabarka", "type": "batiment", "epoque": "Contemporain (colonial)", "description": "Ancienne église aménagée entre 1884 et 1891 dans une citerne romaine. Desacralisee, elle abrite aujourd'hui un musée ; classée en 2016.", "source": "Wikidata Q30167295 ; Wikipedia (Eglise Sainte-Maxime de Tabarka)", "photo": "img/Eglise_de_Tabarka.jpg", "photo_credit": "Unknown authorUnknown author, Public domain, Wikimedia Commons", "gouvernorat": "Jendouba", "a_voir": "L'ancienne église aménagée à la fin du XIXe siècle dans une citerne romaine, aujourd'hui musée, dans le centre de Tabarka.", "conseil": "Visite courte à intégrer à une promenade en ville ; à associer au fort génois voisin.", "photo_source": "https://commons.wikimedia.org/wiki/File:Eglise%20de%20Tabarka.jpg", "vkey": "eglise-sainte-maxime-de-tabarka-b4a22b"}}, {"type": "Feature", "geometry": {"type": "Point", "coordinates": [10.13444, 36.80944]}, "properties": {"nom": "Musée national du Bardo", "type": "batiment", "epoque": "Ottoman / Contemporain", "description": "Principal musée de Tunisie, dans un ancien palais beylical du Bardo. L'une des plus riches collections de mosaïques romaines au monde, plus des pièces puniques, paléochrétiennes et islamiques.", "source": "Wikidata Q1429003 ; Wikipedia (Musee national du Bardo)", "photo": "img/Tunis__Museum_Bardo.jpg", "photo_credit": "Herbert Frank from Wien (Vienna), AT, CC BY 2.0, Wikimedia Commons", "gouvernorat": "Tunis", "horaires": "Musée — ouvert en journée (fermeture hebdomadaire possible) ; horaires à vérifier sur place.", "a_voir": "la plus riche collection de mosaïques romaines au monde (Virgile, Ulysse et les sirènes, Neptune) ; les salles puniques et le mobilier de l'épave de Mahdia.", "conseil": "Comptez deux à trois heures ; pièce maîtresse de tout séjour à Tunis.", "photo_source": "https://commons.wikimedia.org/wiki/File:Tunis%2C%20Museum%20Bardo.jpg", "anecdote": "Le Bardo abrite la <b>plus belle collection de mosaïques romaines au monde</b>, dans un ancien palais beylical. Frappé en 2015, il a rouvert — symbole de résilience.", "vkey": "musee-national-du-bardo-7a081b"}}, {"type": "Feature", "geometry": {"type": "Point", "coordinates": [10.17057, 36.79563]}, "properties": {"nom": "Dar Hussein", "type": "batiment", "epoque": "Ottoman / Husseinite", "description": "Palais aristocratique de la médina de Tunis, cour a portiques, stuc et marbre. Abrite l'Institut national du patrimoine.", "source": "Wikidata Q3015945 ; Wikipedia (Dar Hussein)", "photo": "img/Dar_Hussein_1.jpg", "photo_credit": "Brahim Guedich, CC BY-SA 4.0, Wikimedia Commons", "gouvernorat": "Tunis", "a_voir": "La cour à portiques de marbre, les plafonds peints, le stuc sculpté et les faïences de ce palais aristocratique qui abrite l'Institut national du patrimoine.", "conseil": "Accès parfois restreint car institutionnel ; à voir lors d'une promenade dans la médina basse.", "photo_source": "https://commons.wikimedia.org/wiki/File:Dar%20Hussein%201.JPG", "vkey": "dar-hussein-ceccd1"}}, {"type": "Feature", "geometry": {"type": "Point", "coordinates": [10.16812, 36.80207]}, "properties": {"nom": "Dar Lasram", "type": "batiment", "epoque": "Ottoman (fin XVIIIe s.)", "description": "Vaste demeure patricienne de la médina de Tunis, bâtie par la famille Lasram. Siège de l'Association de sauvegarde de la médina (ASM).", "source": "Wikidata Q3015946 ; Wikipedia (Dar Lasram)", "photo": "img/Dar_lasram__patio.jpg", "photo_credit": "Ratio55b23, CC BY-SA 4.0, Wikimedia Commons", "gouvernorat": "Tunis", "a_voir": "La grande demeure patricienne du XVIIIe siècle avec sa cour de marbre, ses salons décorés et sa driba (vestibule), siège de l'Association de sauvegarde de la médina.", "conseil": "Belle illustration de l'habitat patricien tunisois ; combinez avec les palais voisins du quartier nord de la médina.", "photo_source": "https://commons.wikimedia.org/wiki/File:Dar%20lasram%2C%20patio.jpg", "vkey": "dar-lasram-4c02e2"}}, {"type": "Feature", "geometry": {"type": "Point", "coordinates": [10.17083, 36.79833]}, "properties": {"nom": "Mosquée Hammouda Pacha", "type": "batiment", "epoque": "Ottoman (XVIIe s.)", "description": "Mosquée hanafite de la médina de Tunis (debut XVIIe s.), minaret octogonal ottoman. Abrite la tourbet de la famille mouradite.", "source": "Wikidata Q1584879 ; Wikipedia (Mosquee Hammouda Pacha)", "photo": "img/Minaret_Hammouda.jpg", "photo_credit": "Credits to Mourad Ben Abdallah / Wikimedia Commons, Public domain, Wikimedia Commons", "gouvernorat": "Tunis", "a_voir": "le minaret octogonal d'inspiration ottomane ; le décor de marbre et la cour ; le mausolée du bey fondateur.", "conseil": "À voir au fil de la promenade dans la médina de Tunis.", "photo_source": "https://commons.wikimedia.org/wiki/File:Minaret%20Hammouda.JPG", "vkey": "mosquee-hammouda-pacha-92adb9"}}, {"type": "Feature", "geometry": {"type": "Point", "coordinates": [10.16778, 36.79667]}, "properties": {"nom": "Mosquée de la Kasbah", "type": "batiment", "epoque": "Islamique (hafside, XIIIe s.)", "description": "Mosquée de la Kasbah de Tunis fondée au XIIIe siècle sous les Hafsides, dont le minaret a servi de modèle a l'architecture religieuse tunisienne.", "source": "Wikidata Q3324927 ; Wikipedia (Mosquee de la Kasbah)", "photo": "img/Tunis_Mosqu__Kasbah.jpg", "photo_credit": "Rais67, Public domain, Wikimedia Commons", "gouvernorat": "Tunis", "a_voir": "Le minaret hafside du XIIIe siècle, modèle de l'architecture religieuse tunisienne, dominant la place de la Kasbah au-dessus de la médina.", "conseil": "Se voit surtout de l'extérieur depuis la place ; à combiner avec Dar El Bey tout proche.", "photo_source": "https://commons.wikimedia.org/wiki/File:Tunis%20Mosqu%C3%A9%20Kasbah.JPG", "vkey": "mosquee-de-la-kasbah-f42653"}}, {"type": "Feature", "geometry": {"type": "Point", "coordinates": [10.15903, 36.80868]}, "properties": {"nom": "Bab Saadoun", "type": "batiment", "epoque": "Islamique / Ottoman", "description": "Porte monumentale au nord-ouest de la médina de Tunis, reconstruite au XIXe siècle en triple arche.", "source": "Wikidata Q431322 ; Wikipedia (Bab Saadoun)", "photo": "img/Bab_Saadoun_Tunis.jpg", "photo_credit": "م ض, CC BY-SA 4.0, Wikimedia Commons", "gouvernorat": "Tunis", "a_voir": "La porte monumentale à triple arche reconstruite au XIXe siècle, isolée aujourd'hui sur un rond-point au nord-ouest de la médina.", "conseil": "S'observe au passage ; sans visite intérieure, prévoir un arrêt rapide.", "photo_source": "https://commons.wikimedia.org/wiki/File:Bab%20Saadoun%20Tunis.JPG", "vkey": "bab-saadoun-c733f0"}}, {"type": "Feature", "geometry": {"type": "Point", "coordinates": [10.17111, 36.79239]}, "properties": {"nom": "Bab Jedid", "type": "batiment", "epoque": "Islamique (hafside, XIIIe s.)", "description": "Sixième porte percée dans les remparts de la médina en 1278, sous le sultan hafside Abu Zakariya Yahya al-Wathiq. Surnommée « porte des forgerons » d'après le souk voisin. Rare porte médiévale encore en place, avec son arc en fer à cheval.", "source": "Wikidata Q16530779 ; Wikipedia (Bab Jedid)", "photo": "img/Bab_Jedid.jpg", "photo_credit": "DrFO.Jr.Tn, CC BY-SA 3.0, Wikimedia Commons", "gouvernorat": "Tunis", "a_voir": "La rare porte médiévale hafside encore en place au sud de la médina, avec son arc en fer à cheval donnant sur les souks.", "conseil": "Bon point d'entrée à pied dans la médina depuis le sud, vers la Zitouna.", "photo_source": "https://commons.wikimedia.org/wiki/File:Bab%20Jedid.jpg", "vkey": "bab-jedid-a0de85"}}, {"type": "Feature", "geometry": {"type": "Point", "coordinates": [10.17681, 36.79303]}, "properties": {"nom": "Bab El Jazira", "type": "Quartier", "epoque": "Quartier (porte disparue)", "description": "Quartier sud de la médina qui doit son nom à une ancienne porte — la plus ancienne du rempart méridional, ouvrant vers le Sud et Kairouan —, disparue sous le Protectorat (son rôle revint à Bab Alioua). Le nom désigne aujourd'hui le secteur, populaire et animé.", "source": "Wikidata Q2291941 ; Wikipedia (Bab El Jazira)", "photo": "img/2013-01-04_08-06-47_Tunisia_T_nis_-_B_b_al_Jaz_rah_3h.jpg", "photo_credit": "Hansueli Krapf This file was uploaded with Commonist., CC BY-SA 3.0, Wikimedia Commons", "gouvernorat": "Tunis", "a_voir": "Sur la place El Jazira : la mosquée Bab Jazira (dite « des funérailles »), et à deux pas la mosquée Sidi El Béchir.", "conseil": "Quartier animé et populaire ; visite rapide en complément d'une promenade dans la médina basse.", "photo_source": "https://commons.wikimedia.org/wiki/File:2013-01-04_08-06-47_Tunisia_T%C5%ABnis_-_B%C4%81b_al_Jaz%C4%ABrah_3h.jpg", "vkey": "bab-el-jazira-bf1715"}}, {"type": "Feature", "geometry": {"type": "Point", "coordinates": [10.1735, 36.80923]}, "properties": {"nom": "Bab El Khadra", "type": "batiment", "epoque": "Islamique / Ottoman", "description": "Porte au nord de la médina de Tunis, reconstruite au XIXe siècle ; son nom évoque les jardins au-dela des remparts.", "source": "Wikidata Q2877685 ; Wikipedia (Bab El Khadra)", "photo": "img/TUNISI.bab.el.khadra.jpg", "photo_credit": "Rei Momo, Public domain, Wikimedia Commons", "gouvernorat": "Tunis", "a_voir": "La porte reconstruite au XIXe siècle au nord de la médina, dont le nom évoque les anciens jardins au-delà des remparts.", "conseil": "Simple étape rapide sur le pourtour nord de la médina.", "photo_source": "https://commons.wikimedia.org/wiki/File:TUNISI.bab.el.khadra.JPG", "vkey": "bab-el-khadra-e8239a"}}, {"type": "Feature", "geometry": {"type": "Point", "coordinates": [10.16354, 36.7938]}, "properties": {"nom": "Zaouïa de Sidi Kassim El Jelizi", "type": "batiment", "epoque": "Ottoman", "description": "Zaouïa de la médina de Tunis au decor de ceramique (zellij), tombeau du saint et faiencier Sidi Kassim El Jelizi. Musée de la ceramique.", "source": "Wikidata Q3301829 ; Wikipedia (Zaouia de Sidi Kassim El Jelizi)", "photo": "img/Zaouia_of_sidi_kacem_el_jelizi.jpg", "photo_credit": "Hassene nostra, CC BY-SA 3.0, Wikimedia Commons", "gouvernorat": "Tunis", "a_voir": "Le décor de céramiques polychromes (zellij) qui couvre la zaouïa, le tombeau du saint faïencier et les collections du musée national de la céramique installé sur place.", "conseil": "Joyau de faïence un peu à l'écart ; idéal pour qui s'intéresse aux arts décoratifs, visite courte.", "photo_source": "https://commons.wikimedia.org/wiki/File:Zaouia%20of%20sidi%20kacem%20el%20jelizi.jpg", "vkey": "zaouia-de-sidi-kassim-el-jelizi-bfe3ff"}}, {"type": "Feature", "geometry": {"type": "Point", "coordinates": [10.16667, 36.80777]}, "properties": {"nom": "Mosquée Saheb Ettabaa", "type": "batiment", "epoque": "Ottoman (XIXe s.)", "description": "Complexe religieux du nord de la médina de Tunis (debut XIXe s.) fondé par Youssef Saheb Ettabaa : mosquée, médersa et mausolée.", "source": "Wikidata Q3324882 ; Wikipedia (Mosquee Saheb Ettabaa)", "photo": "img/Mosqu_e_Saheb_Ettabaa.jpg", "photo_credit": "Rais67, Public domain, Wikimedia Commons", "gouvernorat": "Tunis", "a_voir": "Le complexe du début du XIXe siècle réunissant mosquée, médersa et mausolée, au décor de marbre et de stuc, dans le nord de la médina.", "conseil": "À combiner avec le palais Saheb Ettabaa et le quartier de Halfaouine.", "photo_source": "https://commons.wikimedia.org/wiki/File:Mosqu%C3%A9e%20Saheb%20Ettabaa.JPG", "vkey": "mosquee-saheb-ettabaa-ecf3b9"}}, {"type": "Feature", "geometry": {"type": "Point", "coordinates": [10.178889, 36.8]}, "properties": {"nom": "Cathédrale Saint-Vincent-de-Paul de Tunis", "type": "batiment", "epoque": "Contemporain (colonial, fin XIXe s.)", "description": "Cathédrale catholique de Tunis (fin XIXe s.) sur l'avenue Habib Bourguiba, style composite romano-byzantin. Coordonnée approximative.", "source": "Wikidata Q2296514 ; Wikipedia (Cathedrale de Tunis)", "photo": "img/Cathedral_of_St._Vincent_de_Paul.jpg", "photo_credit": "Bernard Gagnon, CC BY-SA 3.0, Wikimedia Commons", "gouvernorat": "Tunis", "a_voir": "La façade composite romano-byzantine dominant l'avenue Habib Bourguiba, et l'intérieur de la principale église catholique encore en activité de la capitale.", "conseil": "En plein centre-ville moderne, à voir au début ou à la fin d'une balade sur l'avenue.", "photo_source": "https://commons.wikimedia.org/wiki/File:Cathedral%20of%20St.%20Vincent%20de%20Paul.jpg", "vkey": "cathedrale-saint-vincent-de-paul-de-tuni-629949"}}, {"type": "Feature", "geometry": {"type": "Point", "coordinates": [10.341014, 36.869758]}, "properties": {"nom": "Sidi Bou Said", "type": "ville", "epoque": "Ottoman / Contemporain", "description": "Village perche au-dessus du golfe de Tunis, célèbre pour ses maisons blanches aux portes bleues. Site classé d'inspiration andalouse, voisin de Carthage.", "source": "Wikidata Q877391 ; Wikipedia (Sidi Bou Said)", "photo": "img/Sidi_Bou_Said_Roundabout_Fountain_2010.jpg", "photo_credit": "Cayambe, CC BY-SA 3.0, Wikimedia Commons", "gouvernorat": "Tunis", "a_voir": "le Café des Nattes en haut de la rue principale ; les portes et moucharabiehs bleus ; le palais Ennejma Ezzahra du baron d'Erlanger (musée des musiques) ; le phare et le belvédère sur le golfe ; le petit port de plaisance en contrebas.", "conseil": "Venez en fin d'après-midi pour la lumière et le coucher de soleil ; un thé aux pignons au Café des Délices s'impose.", "photo_source": "https://commons.wikimedia.org/wiki/File:Sidi%20Bou%20Said%20Roundabout%20Fountain%202010.jpg", "legende": "Le village bleu et blanc doit son nom au saint soufi <b>Abou Saïd al-Baji</b> (XIIIᵉ s.), dont le tombeau veille sur la colline ; les marins lui demandaient protection. Le bleu-et-blanc, lui, fut imposé bien plus tard, au XXᵉ siècle, par le baron d'Erlanger.", "vkey": "sidi-bou-said-7743ad"}}, {"type": "Feature", "geometry": {"type": "Point", "coordinates": [10.345667, 36.866831]}, "properties": {"nom": "Palais Ennejma Ezzahra", "type": "batiment", "epoque": "Contemporain (debut XXe s.)", "description": "Palais construit a Sidi Bou Said par le baron Rodolphe d'Erlanger (debut XXe s.), style arabo-andalou. Abrite le Centre des musiques arabes et mediterraneennes.", "source": "Wikidata Q12194283 ; Wikipedia (Ennejma Ezzahra)", "photo": "img/Palais_Ennejma_Ezzahra__Baron_D_Erlanger__sidi_Bou_Said__2024_20240609_102559.jpg", "photo_credit": "Habib M'henni, CC BY-SA 4.0, Wikimedia Commons", "gouvernorat": "Tunis", "a_voir": "la demeure mauresque du baron d'Erlanger et ses jardins en terrasses ; les salons peints ; la collection d'instruments de musique du Centre des musiques arabes.", "conseil": "À Sidi Bou Saïd : combinez la visite avec un concert ou la vue sur le golfe depuis les jardins.", "photo_source": "https://commons.wikimedia.org/wiki/File:Palais%20Ennejma%20Ezzahra%2C%20Baron%20D%27Erlanger%2C%20sidi%20Bou%20Said%2C%202024%2020240609%20102559.jpg", "vkey": "palais-ennejma-ezzahra-b3818d"}}, {"type": "Feature", "geometry": {"type": "Point", "coordinates": [10.324395, 36.853142]}, "properties": {"nom": "Musée national de Carthage", "type": "batiment", "epoque": "Contemporain", "description": "Musée archéologique sur la colline de Byrsa : collections puniques et romaines des fouilles de Carthage (stèles, sarcophages, mosaïques).", "source": "Wikidata Q1961849 ; Wikipedia (Musee national de Carthage)", "photo": "img/Tunezja__Kartagina__Narodowe_Muzeum_Kartagi_skie_-_panoramio.jpg", "photo_credit": "Mietek Ł, CC BY-SA 3.0, Wikimedia Commons", "gouvernorat": "Tunis", "horaires": "Musée — ouvert en journée (fermeture hebdomadaire possible) ; horaires à vérifier sur place.", "a_voir": "les sarcophages des prêtres et prêtresses puniques ; les stèles du tophet ; les mosaïques et la maquette de Carthage romaine ; la vue depuis Byrsa.", "conseil": "À visiter en début de parcours de Carthage pour replacer les différents sites.", "photo_source": "https://commons.wikimedia.org/wiki/File:Tunezja%2C%20Kartagina%2C%20Narodowe%20Muzeum%20Kartagi%C5%84skie%20-%20panoramio.jpg", "vkey": "musee-national-de-carthage-3904b1"}}, {"type": "Feature", "geometry": {"type": "Point", "coordinates": [10.331193, 36.861613]}, "properties": {"nom": "Basilique de Damous El Karita", "type": "batiment", "epoque": "Romain (paleochretien)", "description": "Vaste basilique paléochrétienne de Carthage, l'une des plus grandes d'Afrique du Nord, avec de nombreuses nefs et une rotonde souterraine.", "source": "Wikidata Q2887146 ; Wikipedia (Damous El Karita)", "photo": "img/Damous_el_Karita_vue_ouest__Carthage_.jpg", "photo_credit": "Pascal Radigue, CC BY-SA 3.0, Wikimedia Commons", "gouvernorat": "Tunis", "a_voir": "Les nombreuses bases de colonnes des multiples nefs de l'une des plus grandes basiliques paléochrétiennes d'Afrique du Nord, et sa rotonde souterraine.", "conseil": "Secteur peu fréquenté de Carthage ; bonnes chaussures pour le terrain en herbe et la rotonde.", "photo_source": "https://commons.wikimedia.org/wiki/File:Damous%20el%20Karita%20vue%20ouest%20%28Carthage%29.JPG", "vkey": "basilique-de-damous-el-karita-ac42bd"}}, {"type": "Feature", "geometry": {"type": "Point", "coordinates": [10.3313, 36.8512]}, "properties": {"nom": "Quartier Magon", "type": "batiment", "epoque": "Punique", "description": "Quartier residentiel punique de Carthage dégagé en bord de mer, avec vestiges d'habitations et musée de site en plein air. Coordonnée approximative.", "source": "Wikidata Q962131 ; Wikipedia (Quartier Magon)", "photo": "img/Maquette_quartier_magon_carthag.jpg", "photo_credit": "Pradigue, CC BY-SA 3.0, Wikimedia Commons", "gouvernorat": "Tunis", "a_voir": "Les vestiges d'habitations puniques dégagés en bord de mer et le petit musée de site en plein air expliquant l'urbanisme de Carthage.", "conseil": "Visite courte le long du littoral, à enchaîner avec les thermes d'Antonin proches.", "photo_source": "https://commons.wikimedia.org/wiki/File:Maquette%20quartier%20magon%20carthag.jpg", "vkey": "quartier-magon-3ca126"}}, {"type": "Feature", "geometry": {"type": "Point", "coordinates": [10.3308, 36.8581]}, "properties": {"nom": "Villas romaines de Carthage (colline de l'Odeon)", "type": "batiment", "epoque": "Romain", "description": "Secteur residentiel de la Carthage romaine sur la colline de l'Odeon, avec la maison de la Voliere a peristyle et ses mosaïques, et un odeon. Coordonnée approximative.", "source": "Wikidata Q2983443 ; Wikipedia (Villas romaines de Carthage)", "photo": "img/Tunisie_Carthage_Ruines_12.jpg", "photo_credit": "Calips, CC BY 2.5, Wikimedia Commons", "gouvernorat": "Tunis", "a_voir": "La maison de la Volière avec son péristyle reconstitué et ses mosaïques en place, les terrasses panoramiques et les vestiges de l'odéon sur la colline.", "conseil": "Beau point de vue sur Carthage et la mer ; à inclure dans le billet groupé du site.", "photo_source": "https://commons.wikimedia.org/wiki/File:Tunisie%20Carthage%20Ruines%2012.JPG", "vkey": "villas-romaines-de-carthage-colline-de-l-f0092a"}}, {"type": "Feature", "geometry": {"type": "Point", "coordinates": [10.338611, 36.856944]}, "properties": {"nom": "Palais présidentiel de Carthage", "type": "batiment", "epoque": "Contemporain", "description": "Residence officielle du president de la Republique tunisienne, en bord de mer a Carthage. Ensemble palatial du XXe siècle dans un parc clos.", "source": "Wikidata Q2742927 ; Wikipedia (Palais de Carthage)", "photo": "img/PalaisCarthageMai2010.jpg", "photo_credit": "Citizen59, CC BY-SA 3.0, Wikimedia Commons", "gouvernorat": "Tunis", "acces": "Accès interdit (résidence présidentielle) — à admirer de l'extérieur uniquement.", "a_voir": "Le palais et son parc clos se devinent depuis l'extérieur ; résidence officielle du chef de l'État, l'ensemble ne se visite pas.", "conseil": "Site non visitable et sous surveillance : ne pas photographier les abords, simple repère sur la route côtière.", "photo_source": "https://commons.wikimedia.org/wiki/File:PalaisCarthageMai2010.jpg", "vkey": "palais-presidentiel-de-carthage-8196c3"}}, {"type": "Feature", "geometry": {"type": "Point", "coordinates": [10.303662, 36.81442]}, "properties": {"nom": "Fort de La Goulette (Karraka)", "type": "batiment", "epoque": "Ottoman / Espagnol (XVIe s.)", "description": "Forteresse côtière de La Goulette (la Karraka) commandant l'entrée du port de Tunis, construite au XVIe siècle, disputee entre Espagnols et Ottomans.", "source": "Wikidata Q42599356 ; Wikipedia (Fort de La Goulette)", "photo": "img/Caracca_Goulette.jpg", "photo_credit": "M.Rais, CC BY-SA 3.0, Wikimedia Commons", "gouvernorat": "Tunis", "a_voir": "la forteresse ottomane et espagnole du XVIe siècle gardant l'entrée du lac de Tunis ; les bastions massifs.", "conseil": "À voir en passant à La Goulette, réputée pour ses restaurants de poisson.", "photo_source": "https://commons.wikimedia.org/wiki/File:Caracca%20Goulette.JPG", "vkey": "fort-de-la-goulette-karraka-71ff9f"}}, {"type": "Feature", "geometry": {"type": "Point", "coordinates": [10.306377, 36.819111]}, "properties": {"nom": "La Goulette (Halq el Oued)", "type": "ville", "epoque": "Ottoman / Contemporain", "description": "Ville portuaire a l'entrée du lac de Tunis, avant-port historique de la capitale. Quartier de pecheurs au passe cosmopolite.", "source": "Wikidata Q798445 ; Wikipedia (La Goulette)", "photo": "img/La_Goulette_Port..jpg", "photo_credit": "Jorge Andrade, CC BY 2.0, Wikimedia Commons", "gouvernorat": "Tunis", "a_voir": "Le front de mer et le port, les restaurants de poisson de la grande avenue et les traces du passé cosmopolite (quartiers italien et juif) de l'ancien avant-port de Tunis.", "conseil": "Idéal à midi pour un déjeuner de poisson grillé ; accessible en TGM depuis Tunis.", "photo_source": "https://commons.wikimedia.org/wiki/File:La%20Goulette%20Port..jpg", "vkey": "la-goulette-halq-el-oued-88ef72"}}, {"type": "Feature", "geometry": {"type": "Point", "coordinates": [10.0985, 36.8113]}, "properties": {"nom": "Palais de la Rose (Manouba)", "type": "batiment", "epoque": "Ottoman (husseinite)", "description": "Ancien palais beylical de la plaine de la Manouba, dit Palais de la Rose. Abrite le Musée militaire national de Tunisie.", "source": "Wikidata Q3330650 ; Wikipedia (Palais de la Rose)", "photo": "img/Manouba_palais_la_rose_5.jpg", "photo_credit": "Rais67, Public domain, Wikimedia Commons", "gouvernorat": "Manouba", "a_voir": "L'ancien palais beylical de plaisance et ses salons, qui abrite aujourd'hui le Musée militaire national avec armes, uniformes et matériel.", "conseil": "Intérêt surtout pour les amateurs d'histoire militaire ; vérifier l'ouverture avant de s'y rendre.", "photo_source": "https://commons.wikimedia.org/wiki/File:Manouba%20palais%20la%20rose%205.JPG", "vkey": "palais-de-la-rose-manouba-40ffbf"}}, {"type": "Feature", "geometry": {"type": "Point", "coordinates": [10.143333, 36.402778]}, "properties": {"nom": "Zaghouan (ville)", "type": "ville", "epoque": "Romain / Ottoman", "description": "Ville de montagne au pied du Djebel Zaghouan. Nymphee romain (temple des Eaux) et médina ottomane aux fontaines anciennes.", "source": "Wikidata Q12912434 ; Wikipedia (Zaghouan)", "photo": "img/TUNISIE_ZAGHOUAN_02.jpg", "photo_credit": "GIRAUD Patrick, CC BY 3.0, Wikimedia Commons", "gouvernorat": "Zaghouan", "a_voir": "La médina ottomane aux fontaines anciennes, l'arc romain, la silhouette du djebel en toile de fond et, en surplomb, le temple des Eaux.", "conseil": "Base agréable et fraîche en altitude pour explorer le temple des Eaux et le parc national du djebel.", "photo_source": "https://commons.wikimedia.org/wiki/File:TUNISIE%20ZAGHOUAN%2002.JPG", "vkey": "zaghouan-ville-273d40"}}, {"type": "Feature", "geometry": {"type": "Point", "coordinates": [10.3275, 36.730833]}, "properties": {"nom": "Hammam Lif", "type": "ville", "epoque": "Ottoman / Contemporain", "description": "Station balneaire et thermale au pied du Djebel Boukornine, sur le golfe de Tunis. Ancienne villegiature beylicale aux sources chaudes.", "source": "Wikidata Q1573684 ; Wikipedia (Hammam Lif)", "photo": "img/Hammamlif_plage.jpg", "photo_credit": "Wikimedia Commons, Public domain, Wikimedia Commons", "gouvernorat": "Ben Arous", "a_voir": "Le front de mer et le casino-ancienne villégiature beylicale au pied du Boukornine, les sources thermales et l'ambiance balnéaire désuète de la station.", "conseil": "Point de départ pour la montée au parc national de Boukornine qui domine la ville.", "photo_source": "https://commons.wikimedia.org/wiki/File:Hammamlif%20plage.jpg", "vkey": "hammam-lif-c469f7"}}, {"type": "Feature", "geometry": {"type": "Point", "coordinates": [9.838439, 37.24966]}, "properties": {"nom": "Vieux port de Bizerte", "type": "batiment", "epoque": "Islamique / Ottoman", "description": "Port historique de Bizerte borde de maisons anciennes, relié a la mer par un chenal. Cœur de la médina, longtemps base corsaire et de peche.", "source": "Wikidata Q11942390 ; Wikipedia (Vieux-port de Bizerte)", "photo": "", "photo_credit": "", "gouvernorat": "Bizerte", "a_voir": "Le port historique bordé de maisons anciennes et relié à la mer par un chenal, cœur pittoresque de la médina et ancienne base corsaire.", "conseil": "Flânerie agréable en fin d'après-midi le long des quais ; point de départ pour explorer la kasbah et la médina à pied.", "vkey": "vieux-port-de-bizerte-407417"}}, {"type": "Feature", "geometry": {"type": "Point", "coordinates": [9.875679, 37.278919]}, "properties": {"nom": "Kasbah de Bizerte", "type": "batiment", "epoque": "Ottoman (XVIIe s.)", "description": "Forteresse dominant l'entrée du vieux port de Bizerte, aux puissants remparts, protegeant la ville et son chenal.", "source": "Wikidata Q42604866 ; Wikipedia (Kasbah de Bizerte)", "photo": "img/Kasbah_bizerte.jpg", "photo_credit": "TAKOUVI, CC BY-SA 3.0, Wikimedia Commons", "gouvernorat": "Bizerte", "a_voir": "La forteresse aux puissants remparts gardant l'entrée du vieux port, avec ses ruelles intérieures et ses vues sur le chenal.", "conseil": "Se parcourt à pied depuis le vieux port ; bonnes chaussures pour les remparts et ruelles étroites.", "photo_source": "https://commons.wikimedia.org/wiki/File:Kasbah%20bizerte.jpg", "vkey": "kasbah-de-bizerte-b98706"}}, {"type": "Feature", "geometry": {"type": "Point", "coordinates": [9.870706, 37.28113]}, "properties": {"nom": "Fort d'Espagne (Bizerte)", "type": "batiment", "epoque": "Espagnol / Ottoman (XVIe s.)", "description": "Fort sur les hauteurs de Bizerte (XVIe s.), durant la rivalite hispano-ottomane en Méditerranée. Domine la ville et la rade.", "source": "Wikidata Q42604810 ; Wikipedia (Fort d'Espagne de Bizerte)", "photo": "img/Entr_e_du_fort_de_Bizerte.jpg", "photo_credit": "Tab59, CC BY-SA 2.0, Wikimedia Commons", "gouvernorat": "Bizerte", "a_voir": "Le fort du XVIe siècle perché sur les hauteurs de Bizerte, qui domine la ville et la rade, témoin de la rivalité hispano-ottomane.", "conseil": "Monter en fin de journée pour le panorama sur la ville et la mer ; accès en voiture ou courte marche.", "photo_source": "https://commons.wikimedia.org/wiki/File:Entr%C3%A9e%20du%20fort%20de%20Bizerte.jpg", "vkey": "fort-d-espagne-bizerte-b27713"}}, {"type": "Feature", "geometry": {"type": "Point", "coordinates": [10.194409, 37.169587]}, "properties": {"nom": "Borj Loutani (Ghar el Melh)", "type": "batiment", "epoque": "Ottoman (XVIIe s.)", "description": "L'un des trois forts ottomans de Ghar el Melh (ancienne Porto Farina), batis au XVIIe siècle pour proteger le port corsaire.", "source": "Wikidata Q42604438 ; Wikipedia (Borj Loutani)", "photo": "img/Cot__Est_du_fort.jpg", "photo_credit": "Cheima fezzani, CC BY-SA 4.0, Wikimedia Commons", "gouvernorat": "Bizerte", "a_voir": "L'un des trois forts ottomans du XVIIe siècle bâtis pour protéger l'ancien port corsaire de Porto Farina (Ghar el Melh).", "conseil": "À découvrir en faisant le tour des trois bordjs de Ghar el Melh ; combiner avec la lagune et ses jardins ramli.", "photo_source": "https://commons.wikimedia.org/wiki/File:Cot%C3%A9%20Est%20du%20fort.JPG", "vkey": "borj-loutani-ghar-el-melh-3a66f1"}}, {"type": "Feature", "geometry": {"type": "Point", "coordinates": [10.191686, 37.169057]}, "properties": {"nom": "Borj El Woustani (Ghar el Melh)", "type": "batiment", "epoque": "Ottoman (XVIIe s.)", "description": "Fort median de Ghar el Melh, ouvrage ottoman defendant l'ancien port de Porto Farina sur la cote nord.", "source": "Wikidata Q42604305 ; Wikipedia (Borj El Woustani)", "photo": "img/BorjMediane_GharElMelh_2007.jpg", "photo_credit": "Citizen59, CC BY 3.0, Wikimedia Commons", "gouvernorat": "Bizerte", "a_voir": "Le fort médian de Ghar el Melh, ouvrage ottoman défendant l'ancien port de Porto Farina sur la côte nord.", "conseil": "Étape rapide entre les deux autres forts de Ghar el Melh ; à associer à la lagune voisine.", "photo_source": "https://commons.wikimedia.org/wiki/File:BorjMediane%20GharElMelh%202007.JPG", "vkey": "borj-el-woustani-ghar-el-melh-fa94bd"}}, {"type": "Feature", "geometry": {"type": "Point", "coordinates": [11.11575, 36.837798]}, "properties": {"nom": "Fort de Kelibia (Borj el-Kebir)", "type": "batiment", "epoque": "Romain / Byzantin, reconstruit au XVIe s.", "description": "Citadelle sur un promontoire de 150 m dominant la mer et Kelibia, au nord-est du Cap Bon. Éléments romains et byzantins, mais l'essentiel date d'une reconstruction du XVIe s. avec ajouts ottomans.", "source": "Wikidata Q4120375 ; Wikipedia (Fort de Kelibia)", "photo": "img/KELIBIA_Fort_02.jpg", "photo_credit": "Calips, CC BY 3.0, Wikimedia Commons", "gouvernorat": "Nabeul", "a_voir": "la forteresse dominant le port et la plage ; les remparts byzantins remaniés ; la vue sur la côte du cap Bon, jusqu'à la Sicile par temps clair.", "conseil": "Montée facile depuis le port ; superbe panorama au coucher du soleil.", "photo_source": "https://commons.wikimedia.org/wiki/File:KELIBIA%20Fort%2002.JPG", "vkey": "fort-de-kelibia-borj-el-kebir-e67ced"}}, {"type": "Feature", "geometry": {"type": "Point", "coordinates": [10.612364, 36.394549]}, "properties": {"nom": "Kasbah de Hammamet", "type": "batiment", "epoque": "Ribat IXe s., fort XVe s. (Hafsides)", "description": "Forteresse a l'angle sud-ouest de la médina de Hammamet, surplombant la mer. Ribat de surveillance côtière au IXe s., reconstruite au XVe s. sous les Hafsides.", "source": "Wikidata Q42601554 ; Wikipedia (Hammamet)", "photo": "img/Panoramique_Kasba__Hammamet__septembre_2013.jpg", "photo_credit": "Habib M'henni, CC BY-SA 3.0, Wikimedia Commons", "gouvernorat": "Nabeul", "a_voir": "le fort dominant la vieille ville ; le chemin de ronde panoramique sur la médina blanche et la plage ; les ruelles fleuries en contrebas.", "conseil": "Faites le tour des remparts au coucher du soleil pour la vue sur la baie.", "photo_source": "https://commons.wikimedia.org/wiki/File:Panoramique%20Kasba%2C%20Hammamet%2C%20septembre%202013.jpg", "vkey": "kasbah-de-hammamet-ae02c0"}}, {"type": "Feature", "geometry": {"type": "Point", "coordinates": [10.995429, 37.059167]}, "properties": {"nom": "Carrieres romaines de Ghar el Kebir (El Haouaria)", "type": "batiment", "epoque": "Punique et romaine", "description": "Vastes carrieres souterraines a ~3 km a l'ouest d'El Haouaria, exploitees de l'époque punique a romaine ; le gres était achemine par mer vers Carthage. Coordonnée approximative.", "source": "Wikipedia (El Haouaria) ; coordonnee approximative", "photo": "", "photo_credit": "", "gouvernorat": "Nabeul", "a_voir": "les vastes salles souterraines taillées dans le grès d'où l'on extrayait les pierres de Carthage ; les puits de lumière ouverts sur la mer.", "conseil": "À combiner avec la pointe du cap Bon ; fraîcheur agréable dans les galeries en été.", "vkey": "carrieres-romaines-de-ghar-el-kebir-el-h-aff174"}}, {"type": "Feature", "geometry": {"type": "Point", "coordinates": [10.736362, 36.450702]}, "properties": {"nom": "Musée de Nabeul", "type": "batiment", "epoque": "Collections puniques et romaines", "description": "Musée archéologique de Nabeul (médina), collections des sites du Cap Bon (Neapolis, Kerkouane) : mosaïques, stèles et objets puniques et romains.", "source": "Wikidata Q3329732 ; Wikipedia (Musee de Nabeul)", "photo": "img/Entr_e_mus_e_de_Nabeul.jpg", "photo_credit": "Habib M'henni, CC BY-SA 3.0, Wikimedia Commons", "gouvernorat": "Nabeul", "horaires": "Musée — ouvert en journée (fermeture hebdomadaire possible) ; horaires à vérifier sur place.", "a_voir": "Musée archéologique présentant les collections des sites du Cap Bon (Neapolis, Kerkouane) : mosaïques, stèles et objets puniques et romains.", "conseil": "Idéal pour préparer ou prolonger une visite de Kerkouane et Neapolis.", "photo_source": "https://commons.wikimedia.org/wiki/File:Entr%C3%A9e%20mus%C3%A9e%20de%20Nabeul.JPG", "vkey": "musee-de-nabeul-789900"}}, {"type": "Feature", "geometry": {"type": "Point", "coordinates": [10.095599, 35.686512]}, "properties": {"nom": "Bassins des Aghlabides", "type": "batiment", "epoque": "Islamique (IXe s., aghlabide)", "description": "Reservoirs d'eau a ciel ouvert construits vers 860 pour alimenter Kairouan, parmi les ouvrages hydrauliques majeurs du monde musulman médiéval ; grand bassin circulaire d'environ 128 m de diametre.", "source": "Wikidata Q2887594 ; Wikipedia (Bassins des Aghlabides)", "photo": "img/Citerne_Aghlabide__Kairouan.jpg", "photo_credit": "Neil Rickards, CC BY 2.0, Wikimedia Commons", "gouvernorat": "Kairouan", "a_voir": "les deux grands bassins circulaires en pierre du IXe siècle qui alimentaient Kairouan en eau ; le belvédère qui les surplombe.", "conseil": "Montez à la terrasse adjacente pour saisir la géométrie des bassins.", "photo_source": "https://commons.wikimedia.org/wiki/File:Citerne%20Aghlabide%2C%20Kairouan.jpg", "vkey": "bassins-des-aghlabides-cd945c"}}, {"type": "Feature", "geometry": {"type": "Point", "coordinates": [10.1029, 35.677]}, "properties": {"nom": "Mosquée des Trois Portes", "type": "batiment", "epoque": "Islamique (866, aghlabide)", "description": "Mosquée fondée en 866 par Mohammed ibn Khairoun, médina de Kairouan. Plus ancienne façade sculptee et décorée du monde islamique ; minaret hafside ajoute vers 1440.", "source": "Wikidata Q3324931 ; Wikipedia (Mosquee des Trois Portes)", "photo": "img/Mosqu_e_des_Trois_Portes_4.jpg", "photo_credit": "IssamBarhoumi, CC BY-SA 4.0, Wikimedia Commons", "gouvernorat": "Kairouan", "a_voir": "la façade aghlabide du IXe siècle ornée d'inscriptions coufiques sculptées, l'une des plus anciennes façades de mosquée datées.", "conseil": "Petit monument dans les ruelles de Kairouan, à voir au fil de la médina.", "photo_source": "https://commons.wikimedia.org/wiki/File:Mosqu%C3%A9e%20des%20Trois%20Portes%204.JPG", "vkey": "mosquee-des-trois-portes-059806"}}, {"type": "Feature", "geometry": {"type": "Point", "coordinates": [10.09049, 35.68192]}, "properties": {"nom": "Zaouïa de Sidi Sahbi (Mosquée du Barbier)", "type": "batiment", "epoque": "Islamique (XVIIe s. sur fondation medievale)", "description": "Zaouïa abritant le mausolée d'Abou Zamaa el-Balaoui, compagnon du Prophète surnomme Sidi Sahbi, patron de Kairouan. Reconstruite au XVIIe s. (madrasa, minaret, decors hispano-mauresques).", "source": "Wikidata Q12244566 ; Wikipedia (Mosquee du Barbier)", "photo": "img/Mosque_of_the_Barber__Mausoleum_of_Sidi_Sahabi_.jpg", "photo_credit": "Dennis G. Jarvis, CC BY-SA 2.0, Wikimedia Commons", "gouvernorat": "Kairouan", "a_voir": "les cours et galeries couvertes de faïences polychromes et de stucs ciselés ; le mausolée d'un compagnon du Prophète.", "conseil": "L'un des plus beaux décors de céramique de Tunisie ; tenue correcte exigée.", "photo_source": "https://commons.wikimedia.org/wiki/File:Mosque%20of%20the%20Barber%20%28Mausoleum%20of%20Sidi%20Sahabi%29.jpg", "vkey": "zaouia-de-sidi-sahbi-mosquee-du-barbier-bd9ebd"}}, {"type": "Feature", "geometry": {"type": "Point", "coordinates": [10.1, 35.6778]}, "properties": {"nom": "Médina de Kairouan", "type": "ville", "epoque": "Islamique (fondee en 670)", "description": "Cœur historique de Kairouan, ville sainte de l'islam fondée en 670, ceinte de remparts et regroupant la Grande Mosquée et de nombreux monuments. UNESCO depuis 1988. Coordonnée approximative.", "source": "Wikidata Q65944804 ; Wikipedia (Medina de Kairouan) ; UNESCO", "photo": "img/Kairouan_medina_walls.jpg", "photo_credit": "damian entwistle, CC BY-SA 2.0, Wikimedia Commons", "gouvernorat": "Kairouan", "a_voir": "la grande mosquée ; les bassins des Aghlabides ; la zaouïa de Sidi Sahbi (mosquée du Barbier) ; les souks de tapis et la mosquée des Trois Portes.", "conseil": "Achetez le billet groupé donnant accès aux principaux monuments ; ville sainte, tenue correcte appréciée.", "photo_source": "https://commons.wikimedia.org/wiki/File:Kairouan%20medina%20walls.jpg", "vkey": "medina-de-kairouan-dc7f3f"}}, {"type": "Feature", "geometry": {"type": "Point", "coordinates": [11.06859, 35.50391]}, "properties": {"nom": "Skifa Kahla (Bab Zouila)", "type": "batiment", "epoque": "Islamique (fatimide, Xe s.)", "description": "Porte fortifiée monumentale de la médina de Mahdia, vestige des remparts fatimides eleves a partir de 916. Unique acces terrestre a la presqu'ile historique.", "source": "Wikidata Q11949952 ; Wikipedia (Skifa Kahla)", "photo": "img/Connjunt_de_la_Skifa_Kahla.jpg", "photo_credit": "Jaume Ollé, CC BY 3.0, Wikimedia Commons", "gouvernorat": "Mahdia", "a_voir": "le porche fortifié monumental, vestige des remparts fatimides ; le long couloir voûté donnant accès à la médina de Mahdia.", "conseil": "Point de départ idéal pour parcourir la presqu'île de Mahdia.", "photo_source": "https://commons.wikimedia.org/wiki/File:Connjunt%20de%20la%20Skifa%20Kahla.jpg", "vkey": "skifa-kahla-bab-zouila-9940c6"}}, {"type": "Feature", "geometry": {"type": "Point", "coordinates": [11.076306, 35.505306]}, "properties": {"nom": "Borj el-Kebir de Mahdia", "type": "batiment", "epoque": "Ottomane (XVIe s., sur fondations anterieures)", "description": "Fort a la pointe de la presqu'ile de Mahdia, edifie au XVIe s. sur des fondations plus anciennes. Panorama sur le cap Africa et le vieux port fatimide. Classé depuis 1912.", "source": "Wikidata Q42762884 ; Wikipedia (Borj el-Kebir)", "photo": "img/CourInterieureBorjElKebirMahdia.jpg", "photo_credit": "Citizen59, CC BY-SA 3.0, Wikimedia Commons", "gouvernorat": "Mahdia", "a_voir": "le fort carré dominant la pointe ; les terrasses ouvertes sur la mer et le cimetière marin voisin.", "conseil": "Allez-y au coucher du soleil pour la vue sur le cap Afrique.", "photo_source": "https://commons.wikimedia.org/wiki/File:CourInterieureBorjElKebirMahdia.JPG", "vkey": "borj-el-kebir-de-mahdia-3d9f86"}}, {"type": "Feature", "geometry": {"type": "Point", "coordinates": [10.83, 35.78]}, "properties": {"nom": "Mausolée de Bourguiba (Monastir)", "type": "batiment", "epoque": "Contemporaine (1963-1978)", "description": "Mausolée de Habib Bourguiba, premier president de la Republique tunisienne, concu par Olivier-Clement Cacoub. Deux minarets et coupole doree. Coordonnée approximative.", "source": "Wikidata Q3301839 ; Wikipedia (Mausolee de Bourguiba)", "photo": "img/Mausolee_Bourguiba_Monastir.jpg", "photo_credit": "Photographer : Mgdalena Siudy (Freta) , Workshop : Kassus, CC BY-SA 3.0, Wikimedia Commons", "gouvernorat": "Monastir", "a_voir": "le mausolée à coupole dorée et minarets ; la cour de marbre et l'esplanade ; le cimetière monumental.", "conseil": "À combiner avec le ribat tout proche ; tenue correcte sur ce lieu de mémoire.", "photo_source": "https://commons.wikimedia.org/wiki/File:Mausolee%20Bourguiba%20Monastir.jpg", "vkey": "mausolee-de-bourguiba-monastir-2cad61"}}, {"type": "Feature", "geometry": {"type": "Point", "coordinates": [10.83, 35.77]}, "properties": {"nom": "Mosquée Bourguiba de Monastir", "type": "batiment", "epoque": "Contemporaine (1963)", "description": "Grande mosquée hanafite de Monastir dédiée a Bourguiba, construite en 1963 (architecte Taieb Bouzguenda), inspiree de la mosquée Hammouda Pacha de Tunis. Coordonnée approximative.", "source": "Wikidata Q3324858 ; Wikipedia (Mosquee Bourguiba)", "photo": "img/Bourguiba_Mosque_entrance.jpg", "photo_credit": "Andrew Skudder, CC BY-SA 2.0, Wikimedia Commons", "gouvernorat": "Monastir", "a_voir": "Grande mosquée hanafite de 1963 inspirée de la mosquée Hammouda Pacha de Tunis, dans la médina de Monastir.", "conseil": "Se visite hors temps de prière ; tenue correcte exigée.", "photo_source": "https://commons.wikimedia.org/wiki/File:Bourguiba%20Mosque%20entrance.jpg", "vkey": "mosquee-bourguiba-de-monastir-74ecfb"}}, {"type": "Feature", "geometry": {"type": "Point", "coordinates": [10.882027, 35.676176]}, "properties": {"nom": "Ribat de Lamta", "type": "batiment", "epoque": "Islamique (aghlabide, IXe s.)", "description": "Petit ribat aghlabide de Lamta (Leptis Minor), construit en 859. Batiment carré a un etage, tours d'angle arrondies, cour avec citerne souterraine.", "source": "Wikidata Q18716362 ; Wikipedia (Ribat de Lamta)", "photo": "img/Lamta_Ribat_Aghlabite.jpg", "photo_credit": "Yamen, CC BY-SA 3.0, Wikimedia Commons", "gouvernorat": "Monastir", "a_voir": "Petit ribat aghlabide de 859 à Lamta (Leptis Minor) : bâtiment carré à un étage, tours d'angle arrondies et cour avec citerne souterraine.", "conseil": "À associer au musée archéologique de Lamta tout proche.", "photo_source": "https://commons.wikimedia.org/wiki/File:Lamta%20Ribat%20Aghlabite.JPG", "vkey": "ribat-de-lamta-d00951"}}, {"type": "Feature", "geometry": {"type": "Point", "coordinates": [10.877222, 35.676944]}, "properties": {"nom": "Musée archéologique de Lamta", "type": "batiment", "epoque": "Collections antiques (musee 1992)", "description": "Musée inaugure en 1992, en bord de mer a l'antique Leptiminus. Collections de l'arrivee des Pheniciens a l'époque romaine et paléochrétienne.", "source": "Wikidata Q3329440 ; Wikipedia (Musee archeologique de Lamta)", "photo": "img/Entree_Musee_archeologique_de_Lamta.jpg", "photo_credit": "Habib M'henni, CC BY-SA 3.0, Wikimedia Commons", "gouvernorat": "Monastir", "horaires": "Musée — ouvert en journée (fermeture hebdomadaire possible) ; horaires à vérifier sur place.", "a_voir": "Musée en bord de mer sur le site de l'antique Leptiminus, retraçant l'histoire locale des Phéniciens à l'époque romaine et paléochrétienne.", "conseil": "Visite à combiner avec le ribat de Lamta voisin.", "photo_source": "https://commons.wikimedia.org/wiki/File:Entree%20Musee%20archeologique%20de%20Lamta.jpg", "vkey": "musee-archeologique-de-lamta-9d4e7c"}}, {"type": "Feature", "geometry": {"type": "Point", "coordinates": [10.86667, 35.67778]}, "properties": {"nom": "Leptiminus (Leptis Minor)", "type": "ville", "epoque": "Punique, romaine et byzantine", "description": "Cité antique correspondant a l'actuelle Lamta, fondée vers 500 av. J.-C. Centre d'un riche district oleicole romain : tombes puniques, amphithéâtre, thermes, aqueducs. Coordonnée approximative.", "source": "Wikidata Q1820152 ; Wikipedia (Leptis Parva)", "photo": "img/Ruspinaleptis.jpg", "photo_credit": "Sindala, Public domain, Wikimedia Commons", "gouvernorat": "Monastir", "a_voir": "les vestiges du port antique et des thermes ; le petit musée présentant céramiques et mosaïques locales.", "conseil": "Site discret de Lamta, pour amateurs d'archéologie, à coupler avec le ribat voisin.", "photo_source": "https://commons.wikimedia.org/wiki/File:Ruspinaleptis.JPG", "vkey": "leptiminus-leptis-minor-9c2b92"}}, {"type": "Feature", "geometry": {"type": "Point", "coordinates": [10.830867, 35.776669]}, "properties": {"nom": "Koubba de Sidi El Mezri (Monastir)", "type": "batiment", "epoque": "Medievale et posterieure", "description": "Sanctuaire et koubba du saint Sidi Mezri (mort en 1141), au sein du grand cimetière marin de Sidi El Mezri près du ribat. Coordonnée approximative.", "source": "Wikidata Q20396670 ; Wikipedia (Sidi Mezri)", "photo": "img/Mausol_e_Imam_Mezri__Monastir__septembre_2013__03.jpg", "photo_credit": "Habib M'henni, CC BY-SA 3.0, Wikimedia Commons", "gouvernorat": "Monastir", "a_voir": "Sanctuaire et koubba du saint Sidi Mezri (mort en 1141), au cœur du grand cimetière marin du même nom, près du ribat.", "conseil": "À voir en passant lors de la promenade entre le ribat et le mausolée de Bourguiba.", "photo_source": "https://commons.wikimedia.org/wiki/File:Mausol%C3%A9e%20Imam%20Mezri%2C%20Monastir%2C%20septembre%202013%2C%2003.jpg", "vkey": "koubba-de-sidi-el-mezri-monastir-87dada"}}, {"type": "Feature", "geometry": {"type": "Point", "coordinates": [10.635694, 35.821611]}, "properties": {"nom": "Kasbah de Sousse (tour du Khalef)", "type": "batiment", "epoque": "Islamique (aghlabide, IXe-XIe s.)", "description": "Forteresse au point culminant de la médina de Sousse, intégrée aux remparts au XIe s., englobant la tour du Khalef (859). Abrite le musée archéologique.", "source": "Wikidata Q42762076 ; Wikipedia (Kasbah de Sousse)", "photo": "img/Kasbah_of_Sousse_Walls.jpg", "photo_credit": "Andrew Skudder, CC BY-SA 2.0, Wikimedia Commons", "gouvernorat": "Sousse", "a_voir": "Forteresse au point haut de la médina, intégrant la tour du Khalef (859) et abritant le musée archéologique riche en mosaïques.", "conseil": "Combinez la kasbah et son musée ; le point haut offre une belle vue sur la médina.", "photo_source": "https://commons.wikimedia.org/wiki/File:Kasbah%20of%20Sousse%20Walls.jpg", "vkey": "kasbah-de-sousse-tour-du-khalef-9d74eb"}}, {"type": "Feature", "geometry": {"type": "Point", "coordinates": [10.704722, 35.289722]}, "properties": {"nom": "Musée archéologique d'El Jem (Maison d'Africa)", "type": "batiment", "epoque": "Romaine ; musee 1970", "description": "Musée près de l'amphithéâtre d'El Jem (Thysdrus), importante collection de mosaïques. Parc avec villas romaines, dont la Maison d'Africa reconstituée.", "source": "Wikidata Q3329425 ; Wikipedia (Musee archeologique d'El Jem)", "photo": "img/Mus_e_Arch_ologique_El_Djem.jpg", "photo_credit": "Steven KUO from Hong Kong, CC BY-SA 2.0, Wikimedia Commons", "gouvernorat": "Mahdia", "horaires": "Musée — ouvert en journée (fermeture hebdomadaire possible) ; horaires à vérifier sur place.", "a_voir": "Riche collection de mosaïques près de l'amphithéâtre, avec un parc de villas romaines dont la Maison d'Africa reconstituée.", "conseil": "A enchainer avec l'amphithéâtre, tout proche, pour comprendre l'antique Thysdrus.", "photo_source": "https://commons.wikimedia.org/wiki/File:Mus%C3%A9e%20Arch%C3%A9ologique%20El%20Djem.jpg", "vkey": "musee-archeologique-d-el-jem-maison-d-af-ee833f"}}, {"type": "Feature", "geometry": {"type": "Point", "coordinates": [11.04167, 35.62083]}, "properties": {"nom": "Thapsus (Ras Dimass, Bekalta)", "type": "ville", "epoque": "Punique puis romaine", "description": "Ancienne cité portuaire carthaginoise puis romaine au lieu-dit Ras Dimass (Bekalta, Monastir). Vestiges puniques, romains et medievaux, menaces par l'urbanisation et l'erosion.", "source": "Wikidata Q948682 ; Wikipedia (Thapsus)", "photo": "", "photo_credit": "", "gouvernorat": "Monastir", "a_voir": "les vestiges du port romain et de môles immergés ; le site de la bataille où César défit les pompéiens en 46 av. J.-C.", "conseil": "Site côtier épars ; intérêt surtout historique.", "vkey": "thapsus-ras-dimass-bekalta-f20286"}}, {"type": "Feature", "geometry": {"type": "Point", "coordinates": [11.04167, 35.62083]}, "properties": {"nom": "Bataille de Thapsus (46 av. J.-C.)", "type": "evenement", "epoque": "Republique romaine, 46 av. J.-C.", "description": "Bataille decisive ou Jules Cesar defit les Pompeiens de Metellus Scipion et le roi Juba Ier, près de Thapsus, mettant fin a l'opposition en Afrique. Localisation présumée, approximative.", "source": "Wikidata Q948682 ; Wikipedia (Bataille de Thapsus)", "photo": "", "photo_credit": "", "gouvernorat": "Monastir", "a_voir": "Emplacement présumé de la bataille où César défit les Pompéiens et Juba Ier ; il n'y a pas de vestige propre, seulement le cadre côtier de Thapsus.", "conseil": "Repère historique plus que site à visiter ; à associer aux ruines de Thapsus.", "vkey": "bataille-de-thapsus-46-av-j-c-620e99"}}, {"type": "Feature", "geometry": {"type": "Point", "coordinates": [11.03359, 35.129754]}, "properties": {"nom": "Acholla (Botria)", "type": "ville", "epoque": "Punique puis romaine", "description": "Cité punique puis romaine de la cote du Sahel, près de Botria. Mosaïques romano-africaines parmi les plus anciennes de Tunisie (au Bardo), forum, deux thermes, maisons.", "source": "Wikidata Q17379233 ; Wikipedia (Acholla)", "photo": "img/Tunisie_Acholla.jpg", "photo_credit": "Rais67, Public domain, Wikimedia Commons", "gouvernorat": "Sfax", "a_voir": "Cité punique puis romaine du littoral du Sahel, connue pour des mosaïques parmi les plus anciennes de Tunisie (aujourd'hui au Bardo), un forum, deux thermes et des maisons.", "conseil": "Les plus belles mosaïques sont au musée du Bardo ; sur place, prevoyez un guide pour lire les vestiges.", "photo_source": "https://commons.wikimedia.org/wiki/File:Tunisie%20Acholla.jpg", "vkey": "acholla-botria-e7f6f7"}}, {"type": "Feature", "geometry": {"type": "Point", "coordinates": [10.4003, 35.252]}, "properties": {"nom": "Pheradi Maius (Sidi Khalifa)", "type": "ville", "epoque": "Romaine", "description": "Cité romaine d'Afrique proconsulaire près de Sidi Khalifa, au nord d'Enfidha. Temples, thermes, arc de triomphe, forum et amphithéâtre.", "source": "Wikidata Q3378708 ; Wikipedia (Feradi maius)", "photo": "img/Tunisie_Pheradi_Majus_Grande_place.jpg", "photo_credit": "Rais67, Public domain, Wikimedia Commons", "gouvernorat": "Sousse", "a_voir": "Cité romaine bien lisible près de Sidi Khalifa : temples, thermes, arc de triomphe, forum et vestiges d'amphithéâtre.", "conseil": "Site en plein air à l'écart des circuits ; renseignez-vous localement sur l'accès.", "photo_source": "https://commons.wikimedia.org/wiki/File:Tunisie%20Pheradi%20Majus%20Grande%20place.jpg", "vkey": "pheradi-maius-sidi-khalifa-f96909"}}, {"type": "Feature", "geometry": {"type": "Point", "coordinates": [10.75389, 35.68694]}, "properties": {"nom": "Uzita (Henchir Makhrba)", "type": "ville", "epoque": "Punique puis romaine", "description": "Ancienne ville et siège episcopal de Byzacene (Henchir el-Makrceba, Monastir), près des sebkhas de Sidi El Hani et Sahline. D'origine phenicienne, mosaïques.", "source": "Wikidata Q384431 ; Wikipedia (Uzita)", "photo": "", "photo_credit": "", "gouvernorat": "Monastir", "a_voir": "Ancienne ville d'origine phénicienne et siège épiscopal de Byzacène, livrant des mosaïques, près des sebkhas de Sidi El Hani et Sahline.", "conseil": "Site archéologique modeste et peu signalé ; intérêt surtout pour les passionnés d'antiquité.", "vkey": "uzita-henchir-makhrba-a54528"}}, {"type": "Feature", "geometry": {"type": "Point", "coordinates": [10.760803, 34.733906]}, "properties": {"nom": "Médina de Sfax", "type": "ville", "epoque": "Islamique (aghlabide)", "description": "Centre historique de Sfax fondé par les Aghlabides vers 849-851, l'une des rares villes medievales du Maghreb a avoir conservé sa trame urbaine et ses remparts. Liste indicative UNESCO.", "source": "Wikidata Q22688548 ; Wikipedia (Medina de Sfax)", "photo": "img/Grande_Mosqu_e_de_Sfax_09.jpg", "photo_credit": "IssamBarhoumi, CC BY-SA 4.0, Wikimedia Commons", "gouvernorat": "Sfax", "a_voir": "les remparts médiévaux et Bab Diwan ; les souks couverts encore très actifs ; la grande mosquée ; la kasbah et le musée du patrimoine.", "conseil": "L'une des médinas les plus authentiques, peu touristique ; entrez par Bab Diwan et suivez les souks artisanaux.", "photo_source": "https://commons.wikimedia.org/wiki/File:Grande%20Mosqu%C3%A9e%20de%20Sfax%2009.jpg", "vkey": "medina-de-sfax-31fffd"}}, {"type": "Feature", "geometry": {"type": "Point", "coordinates": [10.762201, 34.734734]}, "properties": {"nom": "Bab Diwan (Sfax)", "type": "batiment", "epoque": "Islamique (hafside)", "description": "Porte principale de la médina de Sfax, dans la façade sud des remparts. Jusqu'au XXe s., la médina ne comptait que deux entrees : Bab Diwan et Bab Jebli.", "source": "Wikidata Q23049220 ; Wikipedia (Bab Diwan)", "photo": "img/Bab_Diwan_-_Porte_Delcass__-_Sfax_-2-____________.jpg", "photo_credit": "Archimouda, CC BY-SA 4.0, Wikimedia Commons", "gouvernorat": "Sfax", "a_voir": "Porte principale de la médina, dans la façade sud des remparts ; longtemps l'une des deux seules entrees de la ville.", "conseil": "Point de depart ideal pour une visite a pied de la médina.", "photo_source": "https://commons.wikimedia.org/wiki/File:Bab%20Diwan%20-%20Porte%20Delcass%C3%A9%20-%20Sfax%20-2-%20%D8%A8%D8%A7%D8%A8%20%D8%A7%D9%84%D8%AF%D9%8A%D9%88%D8%A7%D9%86.jpg", "vkey": "bab-diwan-sfax-13d092"}}, {"type": "Feature", "geometry": {"type": "Point", "coordinates": [10.759698, 34.737418]}, "properties": {"nom": "Bab Jebli (Sfax)", "type": "batiment", "epoque": "Islamique (medieval)", "description": "Seconde porte historique de la médina de Sfax, dans la façade nord des remparts.", "source": "Wikidata Q45108096 ; Wikipedia (Bab Jebli)", "photo": "img/Bab_Jebli_-_Sfax_-1-___________.jpg", "photo_credit": "Archimouda, CC BY-SA 4.0, Wikimedia Commons", "gouvernorat": "Sfax", "a_voir": "Seconde porte historique de la médina, dans la façade nord des remparts, donnant sur les souks alimentaires.", "conseil": "Cote nord plus populaire : bonne porte d'entrée vers les marches du quotidien.", "photo_source": "https://commons.wikimedia.org/wiki/File:Bab%20Jebli%20-%20Sfax%20-1-%20%D8%A8%D8%A7%D8%A8%20%D8%A7%D9%84%D8%AC%D8%A8%D9%84%D9%8A.jpg", "vkey": "bab-jebli-sfax-2db422"}}, {"type": "Feature", "geometry": {"type": "Point", "coordinates": [10.7588, 34.7335]}, "properties": {"nom": "Kasbah de Sfax", "type": "batiment", "epoque": "Islamique (medieval)", "description": "Forteresse a l'angle sud-ouest de la médina de Sfax, intégrée aux remparts, commandant la defense de ce secteur. Coordonnée approximative.", "source": "Wikidata Q22689188 ; Wikipedia (Kasbah de Sfax)", "photo": "img/Kasbah_of_Sfax.jpg", "photo_credit": "Sarah Murray, CC BY-SA 2.0, Wikimedia Commons", "gouvernorat": "Sfax", "a_voir": "Forteresse a l'angle sud-ouest de la médina, intégrée aux remparts ; elle abrite aujourd'hui un espace musée.", "conseil": "Montez sur les remparts pour une vue d'ensemble de la médina.", "photo_source": "https://commons.wikimedia.org/wiki/File:Kasbah%20of%20Sfax.jpg", "vkey": "kasbah-de-sfax-87dac7"}}, {"type": "Feature", "geometry": {"type": "Point", "coordinates": [10.756675, 34.736559]}, "properties": {"nom": "Borj El Ksar (Sfax)", "type": "batiment", "epoque": "Islamique (XIe-XIIe s.)", "description": "Fortification a l'angle nord-ouest de la médina de Sfax (XIe-XIIe s.), dotée de trois tours. Abrite une collection lapidaire.", "source": "Wikidata Q60573996 ; Wikipedia (Borj El Ksar)", "photo": "", "photo_credit": "", "gouvernorat": "Sfax", "a_voir": "Fortification d'angle des XIe-XIIe siècles dotée de trois tours, abritant une collection lapidaire.", "conseil": "A combiner avec un parcours des remparts de la médina.", "vkey": "borj-el-ksar-sfax-a0e1bf"}}, {"type": "Feature", "geometry": {"type": "Point", "coordinates": [9.129444, 35.231389]}, "properties": {"nom": "Henchir-Khachoum (Muzuca)", "type": "ville", "epoque": "Romain / Paleochretien", "description": "Ensemble de sites du gouvernorat de Sidi Bouzid, identifie a l'antique Muzuca, civitas romaine et siège d'un évêché rattache a Carthage.", "source": "Wikidata Q30592040 ; Wikipedia (Henchir-Khachoum)", "photo": "", "photo_credit": "", "gouvernorat": "Kasserine", "a_voir": "Les vestiges épars de l'antique Muzuca, civitas romaine et ancien siège d'évêché.", "conseil": "Site rural modeste et peu aménagé : utile surtout aux amateurs d'archéologie munis de coordonnées precises.", "vkey": "henchir-khachoum-muzuca-3ae1f9"}}, {"type": "Feature", "geometry": {"type": "Point", "coordinates": [8.79, 34.42]}, "properties": {"nom": "Musée archéologique de Gafsa", "type": "batiment", "epoque": "Contemporain (ouvert en 1990)", "description": "Musée de la médina de Gafsa, riche en outillage lithique et osseux capsien et en pièces romaines et mosaïques de l'antique Capsa. Coordonnée approximative.", "source": "Wikidata Q3329435 ; Wikipedia (Musee archeologique de Gafsa)", "photo": "img/Mus_e_de_Gafsa__Tunisie_juin_2013.jpg", "photo_credit": "Habib M'henni, CC BY-SA 3.0, Wikimedia Commons", "gouvernorat": "Gafsa", "horaires": "Musée — ouvert en journée (fermeture hebdomadaire possible) ; horaires à vérifier sur place.", "a_voir": "Collections d'outillage capsien (pierre et os), pièces romaines et mosaïques de l'antique Capsa.", "conseil": "Bonne etape climatisee aux heures chaudes ; horaires a verifier sur place.", "photo_source": "https://commons.wikimedia.org/wiki/File:Mus%C3%A9e%20de%20Gafsa%2C%20Tunisie%20juin%202013.jpg", "vkey": "musee-archeologique-de-gafsa-016608"}}, {"type": "Feature", "geometry": {"type": "Point", "coordinates": [8.3667, 34.3333]}, "properties": {"nom": "Le Lezard Rouge (train historique de Metlaoui)", "type": "evenement", "epoque": "Contemporain (ligne miniere 1896)", "description": "Train touristique a voie metrique parcourant les gorges de Selja entre Metlaoui et Redeyef, sur l'ancienne ligne minière de phosphates. Matériel d'un ancien train du bey. Coordonnée de la gare (approximative).", "source": "Wikidata Q3272056 ; Wikipedia (Lezard rouge)", "photo": "img/Selja15_js_.jpg", "photo_credit": "Jerzystrzelecki, CC BY 3.0, Wikimedia Commons", "gouvernorat": "Gafsa", "a_voir": "Train touristique a voie metrique, au matériel ancien du bey, qui s'enfonce dans les gorges de Selja.", "conseil": "Reservez a l'avance en haute saison et prevoyez de l'eau ; depart depuis Metlaoui.", "photo_source": "https://commons.wikimedia.org/wiki/File:Selja15%28js%29.jpg", "vkey": "le-lezard-rouge-train-historique-de-metl-6dafb2"}}, {"type": "Feature", "geometry": {"type": "Point", "coordinates": [10.38173, 32.8696]}, "properties": {"nom": "Ksar Ouled Debbab", "type": "batiment", "epoque": "Berbere (medieval / post-medieval)", "description": "Ksar fortifié a ghorfas près de Tataouine, en partie troglodytique, sur un relief. Classé monument national en janvier 2024.", "source": "Wikidata Q25380615 ; Wikipedia (Ksar Ouled Debbab)", "photo": "img/Gsar_aouled_debab__tataouine__03.jpg", "photo_credit": "نعيم قربوسي, CC BY-SA 4.0, Wikimedia Commons", "gouvernorat": "Tataouine", "a_voir": "Ksar fortifié a ghorfas, en partie troglodytique, sur un relief près de Tataouine ; classé monument national.", "conseil": "Vue dégagée depuis le ksar : la lumière de fin d'après-midi est la plus belle.", "photo_source": "https://commons.wikimedia.org/wiki/File:Gsar%20aouled%20debab%20%28tataouine%29%2003.jpg", "vkey": "ksar-ouled-debbab-d2a795"}}, {"type": "Feature", "geometry": {"type": "Point", "coordinates": [10.2581, 33.2508]}, "properties": {"nom": "Ksar Jouamaa", "type": "batiment", "epoque": "Berbere (vers 1770)", "description": "Ksar en pierre de Beni Khedache (Medenine), edifie vers 1770. Grenier collectif fortifié classé monument de Tunisie.", "source": "Wikidata Q73798652 ; Wikipedia (Ksar Jouamaa)", "photo": "img/Ksar_Jouamaa.jpg", "photo_credit": "alkainel from France, CC BY-SA 2.0, Wikimedia Commons", "gouvernorat": "Médenine", "a_voir": "Grenier collectif fortifié en pierre de Beni Khedache, edifie vers 1770.", "conseil": "Site de montagne : prevoyez eau et chaussures adaptees au terrain.", "photo_source": "https://commons.wikimedia.org/wiki/File:Ksar%20Jouamaa.jpg", "vkey": "ksar-jouamaa-bfd997"}}, {"type": "Feature", "geometry": {"type": "Point", "coordinates": [10.43412, 32.88628]}, "properties": {"nom": "Ksar Beni Barka", "type": "batiment", "epoque": "Berbere", "description": "Ksar fortifié a ghorfas du gouvernorat de Tataouine, ancien grenier collectif des tribus de la région.", "source": "Wikidata Q12233025 ; Wikipedia (Ksar Beni Barka)", "photo": "img/Ksar_Beni_Barka_-_Tunisia.jpg", "photo_credit": "F. Soler, Public domain, Wikimedia Commons", "gouvernorat": "Tataouine", "a_voir": "Ksar a ghorfas, ancien grenier collectif des tribus de la région de Tataouine.", "conseil": "Visite breve ; combinable avec les autres ksour du Dahar a proximité.", "photo_source": "https://commons.wikimedia.org/wiki/File:Ksar%20Beni%20Barka%20-%20Tunisia.jpg", "vkey": "ksar-beni-barka-e30ee9"}}, {"type": "Feature", "geometry": {"type": "Point", "coordinates": [10.43889, 33.36944]}, "properties": {"nom": "Metameur (ksar)", "type": "ville", "epoque": "Berbere (vers XIVe s.)", "description": "Village a ~7 km au nord-ouest de Medenine, fondé vers le XIVe s., dont le ksar a ghorfas voûtées sur plusieurs niveaux est repute. L'un des mieux conservés du Sud.", "source": "Wikidata Q3307279 ; Wikipedia (Metameur)", "photo": "", "photo_credit": "", "gouvernorat": "Médenine", "a_voir": "Village dont le ksar a ghorfas voûtées sur plusieurs niveaux est l'un des mieux conservés du Sud.", "conseil": "A 7 km de Medenine, etape facile ; lumière photogenique en fin de journee.", "vkey": "metameur-ksar-b31517"}}, {"type": "Feature", "geometry": {"type": "Point", "coordinates": [10.34, 33.05917]}, "properties": {"nom": "Ghomrassen", "type": "ville", "epoque": "Berbere / moderne", "description": "Ville du sud-est a ~26 km de Tataouine, ancien foyer berbère dans une vallée de falaises et de greniers troglodytiques.", "source": "Wikidata Q1365131 ; Wikipedia (Ghomrassen)", "photo": "img/Siege_de_municipalit__de_Ghomrassen.jpg", "photo_credit": "Bbhedia, CC BY-SA 3.0, Wikimedia Commons", "gouvernorat": "Tataouine", "a_voir": "Ancien foyer berbère dans une vallée de falaises ponctuée de greniers troglodytiques.", "conseil": "Point de depart pratique pour explorer les ksour environnants ; eau recommandee.", "photo_source": "https://commons.wikimedia.org/wiki/File:Siege%20de%20municipalit%C3%A9%20de%20Ghomrassen.jpg", "vkey": "ghomrassen-bd5acf"}}, {"type": "Feature", "geometry": {"type": "Point", "coordinates": [10.52513, 32.89787]}, "properties": {"nom": "Ksar Ouled M'hemed", "type": "batiment", "epoque": "Berbere (vers 1855)", "description": "Grenier fortifié a ghorfas (Tataouine), bâti vers 1855, ~223 cellules sur trois niveaux. Restauré en 2007 avec l'INP.", "source": "Wikidata Q73803579 ; Wikipedia (Ksar Ouled M'hemed)", "photo": "img/Ksar_Ouled_M_hemed.jpg", "photo_credit": "Colin Hepburn from Sale, UK, CC BY-SA 2.0, Wikimedia Commons", "gouvernorat": "Tataouine", "a_voir": "Grenier fortifié a ghorfas (vers 1855) d'environ 223 cellules sur trois niveaux, restauré avec l'INP.", "conseil": "Visite rapide ; combinable avec les ksour voisins de Tataouine.", "photo_source": "https://commons.wikimedia.org/wiki/File:Ksar%20Ouled%20M%27hemed.jpg", "vkey": "ksar-ouled-m-hemed-272061"}}, {"type": "Feature", "geometry": {"type": "Point", "coordinates": [10.49248, 33.34717]}, "properties": {"nom": "Ksar Ouled Brahim (Medenine)", "type": "batiment", "epoque": "Berbere", "description": "Ksar du centre de Medenine, carré d'environ 80 m de cote, ~140 ghorfas voûtées sur deux niveaux. Témoin du quartier des ksour de la ville.", "source": "Wikidata Q73800530 ; Wikipedia (Ksar Medenine)", "photo": "img/Medenine-stegop-06.jpg", "photo_credit": "Stegop, CC BY-SA 3.0, Wikimedia Commons", "gouvernorat": "Médenine", "a_voir": "Ksar carré d'environ 80 m de cote, aux ~140 ghorfas voûtées sur deux niveaux, témoin du quartier des ksour de Medenine.", "conseil": "En ville : accessible a pied lors d'une visite de Medenine.", "photo_source": "https://commons.wikimedia.org/wiki/File:Medenine-stegop-06.jpg", "vkey": "ksar-ouled-brahim-medenine-eafc5d"}}, {"type": "Feature", "geometry": {"type": "Point", "coordinates": [10.42672, 32.92622]}, "properties": {"nom": "Ksar Megabla", "type": "batiment", "epoque": "Berbere (vers 1400)", "description": "Ksar de forme ovale en bordure de Tataouine, fondé vers 1400, nombreuses ghorfas sur deux a quatre niveaux.", "source": "Wikidata Q73805413 ; Wikipedia (Ksar Megabla)", "photo": "img/Ksar_Meguebla_2025_03.jpg", "photo_credit": "TOUMOU, CC BY-SA 4.0, Wikimedia Commons", "gouvernorat": "Tataouine", "a_voir": "Ksar de forme ovale en bordure de Tataouine, aux nombreuses ghorfas sur deux a quatre niveaux.", "conseil": "Etape courte aux portes de Tataouine ; chaleur a anticiper.", "photo_source": "https://commons.wikimedia.org/wiki/File:Ksar%20Meguebla%202025%2003.jpg", "vkey": "ksar-megabla-9156fd"}}, {"type": "Feature", "geometry": {"type": "Point", "coordinates": [10.47267, 32.79382]}, "properties": {"nom": "Ksar Tamelest", "type": "batiment", "epoque": "Berbere", "description": "Ksar a ghorfas du gouvernorat de Tataouine, ancien grenier fortifié du Dahar.", "source": "Wikidata Q73805448 ; Wikipedia (Ksar Tamelest)", "photo": "", "photo_credit": "", "gouvernorat": "Tataouine", "a_voir": "Ancien grenier fortifié a ghorfas du Dahar, dans le gouvernorat de Tataouine.", "conseil": "Site modeste ; a inclure dans un circuit des ksour du Dahar avec guide.", "vkey": "ksar-tamelest-a999bc"}}, {"type": "Feature", "geometry": {"type": "Point", "coordinates": [10.56588, 32.81682]}, "properties": {"nom": "Ksar Ezzahra", "type": "batiment", "epoque": "Berbere", "description": "Ksar de montagne au pied du Djebel Abiodh, au sud-est de Tataouine, partie ancienne carrée et Ksar Jedid plus recent. Classé monument en janvier 2024.", "source": "Wikidata Q73804071 ; Wikipedia (Ksar Ez Zahra)", "photo": "img/Ksar_Ez_Zahra.jpg", "photo_credit": "Colin Hepburn from Sale, UK, CC BY-SA 2.0, Wikimedia Commons", "gouvernorat": "Tataouine", "a_voir": "Ksar de montagne au pied du Djebel Abiodh, avec une partie ancienne carrée et un Ksar Jedid plus recent ; classé monument.", "conseil": "Acces de montagne au sud-est de Tataouine : conduite prudente et eau.", "photo_source": "https://commons.wikimedia.org/wiki/File:Ksar%20Ez%20Zahra.jpg", "vkey": "ksar-ezzahra-e2daca"}}, {"type": "Feature", "geometry": {"type": "Point", "coordinates": [10.86028, 33.88389]}, "properties": {"nom": "Borj El Kebir (Borj Ghazi Mustapha, Djerba)", "type": "batiment", "epoque": "Hispano-ottoman (XVe-XVIe s.)", "description": "Fort côtier de Houmt Souk, le plus grand et le mieux conservé de Djerba, remanié au XVIe s. Associe au corsaire Dragut.", "source": "Wikidata Q893447 ; Wikipedia (Borj El Kebir)", "photo": "img/Fort_Djerba_Tunisia.jpg", "photo_credit": "Cezary p, CC BY-SA 4.0, Wikimedia Commons", "gouvernorat": "Médenine", "a_voir": "Le plus grand fort côtier de Djerba, a Houmt Souk, remanié au XVIe s. et associe au corsaire Dragut.", "conseil": "Montez sur les remparts pour la vue sur le port ; ombre rare, prevoyez un chapeau.", "photo_source": "https://commons.wikimedia.org/wiki/File:Fort%20Djerba%20Tunisia.jpg", "vkey": "borj-el-kebir-borj-ghazi-mustapha-djerba-e93162"}}, {"type": "Feature", "geometry": {"type": "Point", "coordinates": [10.85, 33.86667]}, "properties": {"nom": "Houmt Souk (Djerba)", "type": "ville", "epoque": "Islamique / moderne", "description": "Ville principale et chef-lieu de Djerba, sur le site d'une cité antique. Médina, souks traditionnels et anciens fondouks.", "source": "Wikidata Q995360 ; Wikipedia (Houmt Souk)", "photo": "img/Houmt_Souk_May_2007.jpg", "photo_credit": "Chesdovi, CC BY 2.5, Wikimedia Commons", "gouvernorat": "Médenine", "a_voir": "Chef-lieu de Djerba : médina, souks traditionnels et anciens fondouks.", "conseil": "Flanez dans les souks en matinee ou en soiree, quand la chaleur retombe.", "photo_source": "https://commons.wikimedia.org/wiki/File:Houmt%20Souk%20May%202007.JPG", "legende": "Djerba est traditionnellement identifiée à <b>l'île des Lotophages</b>, les « mangeurs de lotus » : dans *l'Odyssée*, les compagnons d'Ulysse y goûtent un fruit si doux qu'ils en oublient le retour. Homère y voyait une terre d'oubli heureux.", "vkey": "houmt-souk-djerba-145916"}}, {"type": "Feature", "geometry": {"type": "Point", "coordinates": [10.85611, 33.72611]}, "properties": {"nom": "Guellala (Djerba)", "type": "ville", "epoque": "Tradition antique", "description": "Village du sud de Djerba, centre historique de la poterie grace a ses gisements d'argile. Tradition ceramique remontant a l'Antiquité, ateliers et fours troglodytiques.", "source": "Wikidata Q2713148 ; Wikipedia (Guellala)", "photo": "img/Guellala.jpg", "photo_credit": "Hegor, CC BY-SA 3.0, Wikimedia Commons", "gouvernorat": "Médenine", "a_voir": "Village du sud de Djerba, centre historique de la poterie, avec ateliers et fours troglodytiques.", "conseil": "Visitez un atelier de potier ; les boutiques se concentrent le long de la route principale.", "photo_source": "https://commons.wikimedia.org/wiki/File:Guellala.jpg", "vkey": "guellala-djerba-8d352b"}}, {"type": "Feature", "geometry": {"type": "Point", "coordinates": [10.88361, 33.80227]}, "properties": {"nom": "Mosquée d'El May (Djerba)", "type": "batiment", "epoque": "Islamique (ibadite)", "description": "Mosquée fortifiée ibadite au centre de Djerba, murs blanchis et minaret trapu. Classée monument historique en 1928, role defensif typique des mosquées de l'ile.", "source": "Wikidata Q42765071 ; Wikipedia (Mosquee d'El May)", "photo": "img/Mosqu_e_Elmay_08.jpg", "photo_credit": "Nizarkalech, CC BY-SA 3.0, Wikimedia Commons", "gouvernorat": "Médenine", "a_voir": "Mosquée ibadite fortifiée aux murs blanchis et minaret trapu, classée des 1928.", "conseil": "Admirez surtout l'exterieur fortifié ; l'interieur peut être réserve aux fideles.", "photo_source": "https://commons.wikimedia.org/wiki/File:Mosqu%C3%A9e%20Elmay%2008.JPG", "vkey": "mosquee-d-el-may-djerba-ac7192"}}, {"type": "Feature", "geometry": {"type": "Point", "coordinates": [10.96, 33.82]}, "properties": {"nom": "Mosquée Fadhloun (Djerba)", "type": "batiment", "epoque": "Islamique (ibadite, XIVe s.)", "description": "Mosquée ibadite du XIVe s. a la peripherie de Midoun, architecture sobre et fortifiée typique de Djerba. Classée en 2022.", "source": "Wikidata Q3324862 ; Wikipedia (Mosquee Fadhloun)", "photo": "img/Tunisie_Jema__Fadhloun_5.jpg", "photo_credit": "M.Rais, CC0, Wikimedia Commons", "gouvernorat": "Médenine", "a_voir": "Mosquée ibadite du XIVe s. a l'architecture sobre et fortifiée, a la peripherie de Midoun.", "conseil": "Belle silhouette blanche isolée : ideale a photographier en lumière douce.", "photo_source": "https://commons.wikimedia.org/wiki/File:Tunisie%20Jema%C3%A2%20Fadhloun%205.jpg", "vkey": "mosquee-fadhloun-djerba-dae81f"}}, {"type": "Feature", "geometry": {"type": "Point", "coordinates": [10.85367, 33.82101]}, "properties": {"nom": "Erriadh (Hara Seghira, Djerba)", "type": "ville", "epoque": "Patrimoine judeo-djerbien", "description": "Village au sud de Houmt Souk, ancien quartier a forte communaute juive (Hara Sghira). Abrite la synagogue de la Ghriba et les fresques Djerbahood (2014).", "source": "Wikidata Q9158760 ; Wikipedia (Erriadh)", "photo": "img/Djerba_Er_Riadh_Street_Art_19.jpg", "photo_credit": "Rani777- Baha-Eddine MKD, CC BY-SA 4.0, Wikimedia Commons", "gouvernorat": "Médenine", "a_voir": "Ancien quartier a forte communaute juive, abritant la synagogue de la Ghriba et les fresques de rue Djerbahood (2014).", "conseil": "Parcourez les ruelles a pied pour decouvrir les peintures murales ; tot le matin pour la lumière.", "photo_source": "https://commons.wikimedia.org/wiki/File:Djerba%20Er%20Riadh%20Street%20Art%2019.JPG", "vkey": "erriadh-hara-seghira-djerba-1af39b"}}, {"type": "Feature", "geometry": {"type": "Point", "coordinates": [9.86528, 33.53833]}, "properties": {"nom": "Tamezret", "type": "ville", "epoque": "Berbere", "description": "Village berbère a flanc de l'un des plus hauts sommets des monts Matmata (~480 m), a ~40 km au sud-ouest de Gabes. Communaute amazighophone (chelha).", "source": "Wikidata Q3514799 ; Wikipedia (Tamezret)", "photo": "img/Tamezret.jpg", "photo_credit": "Bernard Gagnon, CC BY-SA 3.0, Wikimedia Commons", "gouvernorat": "Gabès", "a_voir": "Village berbère a flanc d'un des plus hauts sommets des monts Matmata, communaute amazighophone (chelha).", "conseil": "Panorama sur les montagnes : montez au village haut pour la vue, eau recommandee.", "photo_source": "https://commons.wikimedia.org/wiki/File:Tamezret.jpg", "vkey": "tamezret-37bf07"}}, {"type": "Feature", "geometry": {"type": "Point", "coordinates": [9.82389, 33.57389]}, "properties": {"nom": "Zraoua", "type": "ville", "epoque": "Berbere", "description": "Village berbère perche sur un plateau des monts Matmata (Nouvelle Matmata, Gabes). Migration des habitants vers un village de plaine fin des années 1970.", "source": "Wikidata Q12214333 ; Wikipedia (Zraoua)", "photo": "img/Zrawa2.jpg", "photo_credit": "Haifa bechri 1997, CC BY-SA 3.0, Wikimedia Commons", "gouvernorat": "Gabès", "a_voir": "Village berbère perche sur un plateau des monts Matmata, en partie déserte depuis la fin des années 1970.", "conseil": "Site de montagne aride : prevoyez eau et bonnes chaussures.", "photo_source": "https://commons.wikimedia.org/wiki/File:Zrawa2.jpg", "vkey": "zraoua-390792"}}, {"type": "Feature", "geometry": {"type": "Point", "coordinates": [9.86528, 33.5625]}, "properties": {"nom": "Taoujout", "type": "ville", "epoque": "Berbere", "description": "Village berbère des monts Matmata (Gabes), proche de Tamezret et Zraoua, ou l'on parle traditionnellement le chelha amazigh.", "source": "Wikidata Q13651872 ; Wikipedia (Taoujout)", "photo": "img/Ville_de_Taoujout_2019_-_02.jpg", "photo_credit": "Mohatatou, CC BY-SA 4.0, Wikimedia Commons", "gouvernorat": "Gabès", "a_voir": "Village berbère des monts Matmata, proche de Tamezret et Zraoua, de tradition amazighophone (chelha).", "conseil": "A combiner avec Tamezret ; route de montagne a conduire prudemment.", "photo_source": "https://commons.wikimedia.org/wiki/File:Ville%20de%20Taoujout%202019%20-%2002.jpg", "vkey": "taoujout-ea10c6"}}, {"type": "Feature", "geometry": {"type": "Point", "coordinates": [10.1994, 33.2514]}, "properties": {"nom": "Beni Khedache", "type": "ville", "epoque": "Berbere / historique", "description": "Ville et délégation de Medenine (~30 km a l'ouest), entre le Jebel Dahar et le Grand Erg Oriental. Ksour, grenier fortifié et mosquée souterraine.", "source": "Wikidata Q2555642 ; Wikipedia (Beni Khedache)", "photo": "img/_______________________02.jpg", "photo_credit": "نعيم قربوسي, CC0, Wikimedia Commons", "gouvernorat": "Médenine", "a_voir": "Bourg entre Jebel Dahar et Grand Erg, entouré de ksour, d'un grenier fortifié et d'une mosquée souterraine.", "conseil": "Bonne base pour un circuit des ksour ; eau et carburant a prevoir avant les pistes.", "photo_source": "https://commons.wikimedia.org/wiki/File:%29%D8%A7%D9%84%D9%85%D8%AF%D9%8A%D9%86%D8%A9_%29%D9%82%D8%B5%D8%B1_%D8%A8%D9%86%D9%8A_%D8%AE%D8%AF%D8%A7%D8%B4_02.jpg", "vkey": "beni-khedache-f1758d"}}, {"type": "Feature", "geometry": {"type": "Point", "coordinates": [10.09083, 33.86853]}, "properties": {"nom": "Zaouïa-mosquée Sidi Boulbaba (Gabes)", "type": "batiment", "epoque": "Islamique", "description": "Complexe de la zaouïa-mosquée Sidi Boulbaba, dédié a Abu Lubaba al-Ansari, compagnon du Prophète et saint patron de Gabes. Abrite le musée ethnographique de Gabes.", "source": "Wikidata Q47004624 ; Wikipedia (Sidi Boulbaba)", "photo": "", "photo_credit": "", "gouvernorat": "Gabès", "a_voir": "Complexe dédié a Sidi Boulbaba, compagnon du Prophète et saint patron de Gabes, abritant le musée ethnographique.", "conseil": "Tenue correcte ; couplez la visite avec le musée ethnographique attenant.", "vkey": "zaouia-mosquee-sidi-boulbaba-gabes-89ee46"}}, {"type": "Feature", "geometry": {"type": "Point", "coordinates": [9.79722, 33.88722]}, "properties": {"nom": "El Hamma (Gabes)", "type": "ville", "epoque": "Antique / historique", "description": "Ville-oasis thermale a ~30 km a l'ouest de Gabes, réputée depuis l'Antiquité pour ses sources d'eau chaude alimentant ses hammams.", "source": "Wikidata Q1324239 ; Wikipedia (El Hamma, Gabes)", "photo": "img/El_Hamma.jpg", "photo_credit": "M Dhifallah, CC BY-SA 4.0, Wikimedia Commons", "gouvernorat": "Gabès", "a_voir": "Ville-oasis thermale réputée depuis l'Antiquité pour ses sources chaudes alimentant des hammams.", "conseil": "Les sources sont très chaudes : renseignez-vous sur les bassins accessibles aux visiteurs.", "photo_source": "https://commons.wikimedia.org/wiki/File:El%20Hamma.jpg", "vkey": "el-hamma-gabes-034a26"}}, {"type": "Feature", "geometry": {"type": "Point", "coordinates": [10.3, 33.63333]}, "properties": {"nom": "Ligne Mareth", "type": "evenement", "epoque": "Seconde Guerre mondiale (1943)", "description": "Système de fortifications du sud tunisien construit par la France face a la Libye italienne, repris par l'Axe en 1942-1943. Perce par la 8e armee britannique en mars 1943. Coordonnée indicative approximative.", "source": "Wikidata Q702360 ; Wikipedia (Ligne Mareth)", "photo": "img/Mareth_line_object.jpg", "photo_credit": "Josef Drobný, CC BY-SA 3.0, Wikimedia Commons", "gouvernorat": "Gabès", "a_voir": "Vestiges de fortifications du sud tunisien, percées par la 8e armee britannique en mars 1943.", "conseil": "Reperes disperses dans la plaine : un guide ou le musée de Mareth aide a les situer.", "photo_source": "https://commons.wikimedia.org/wiki/File:Mareth%20line%20object.jpg", "vkey": "ligne-mareth-0b2457"}}, {"type": "Feature", "geometry": {"type": "Point", "coordinates": [8.138978, 33.921325]}, "properties": {"nom": "Ouled el Hadef (médina de Tozeur)", "type": "ville", "epoque": "Islamique (medieval)", "description": "Quartier historique de Tozeur, célèbre pour son architecture en briques d'argile (toub) aux motifs géométriques en relief. Médina médiévale.", "source": "Wikidata Q86505302 ; Wikipedia (Ouled el-Hadef)", "photo": "img/Ouled_El_Hadef___Medina_of_Tozeur_10.jpg", "photo_credit": "Rawen Ab, CC BY-SA 4.0, Wikimedia Commons", "gouvernorat": "Tozeur", "a_voir": "Quartier médiéval célèbre pour ses façades en briques d'argile (toub) aux motifs géométriques en relief.", "conseil": "Parcourez les ruelles ombragees a pied, de preference le matin ou en fin de journee.", "photo_source": "https://commons.wikimedia.org/wiki/File:Ouled%20El%20Hadef%20%E2%80%94%20Medina%20of%20Tozeur%2010.jpg", "vkey": "ouled-el-hadef-medina-de-tozeur-803a89"}}, {"type": "Feature", "geometry": {"type": "Point", "coordinates": [7.842746, 33.994332]}, "properties": {"nom": "Ong Jmel / Mos Espa (decor Star Wars)", "type": "cinema", "epoque": "Contemporain (decor de cinema, 1998)", "description": "Decor abandonné de Star Wars près de Nefta (Tozeur), spatioport fictif de Mos Espa, près du rocher Ong Jmel en forme de cou de chameau.", "source": "Wikidata Q105551861 ; Wikipedia (Mos Espa)", "photo": "img/Ong_Jmel__Mos_Espa__Star_Wars_set__Nefta__Tunisie_DSC_1993.jpg", "photo_credit": "Habib M'henni, CC BY-SA 4.0, Wikimedia Commons", "gouvernorat": "Tozeur", "a_voir": "Decor de cinema de Mos Espa abandonné dans les dunes, près du rocher Ong Jmel en forme de cou de chameau.", "conseil": "Acces par piste dans le sable : 4x4 conseille, et venez au lever ou coucher de soleil pour la lumière.", "photo_source": "https://commons.wikimedia.org/wiki/File:Ong%20Jmel%2C%20Mos%20Espa%2C%20Star%20Wars%20set%2C%20Nefta%2C%20Tunisie%20DSC%201993.jpg", "vkey": "ong-jmel-mos-espa-decor-star-wars-83ee30"}}, {"type": "Feature", "geometry": {"type": "Point", "coordinates": [8.965, 33.705]}, "properties": {"nom": "Kebili", "type": "ville", "epoque": "Oasis ancienne", "description": "Chef-lieu du gouvernorat de Kebili dans le Nefzaoua, l'une des plus anciennes oasis de Tunisie et d'Afrique du Nord, près du Chott el-Jerid. Dattes deglet nour.", "source": "Wikidata Q27157 ; Wikipedia (Kebili)", "photo": "img/Tn-kebili2.jpg", "photo_credit": "Jaume Ollé, CC BY 2.5, Wikimedia Commons", "gouvernorat": "Kébili", "a_voir": "Chef-lieu du Nefzaoua, l'une des plus anciennes oasis d'Afrique du Nord, près du Chott el-Jerid, réputée pour ses dattes deglet nour.", "conseil": "Bonne base pour rayonner vers le chott et le désert ; chaleur intense l'été.", "photo_source": "https://commons.wikimedia.org/wiki/File:Tn-kebili2.jpg", "vkey": "kebili-77774e"}}, {"type": "Feature", "geometry": {"type": "Point", "coordinates": [9.691937, 36.035908]}, "properties": {"nom": "Ksar Lemsa (Limisa)", "type": "batiment", "epoque": "Romain / Byzantin", "description": "Forteresse byzantine du VIe siècle remarquablement conservée, au milieu des ruines de l'antique cité romano-berbère de Limisa. A Oueslatia (Kairouan), a la limite de Siliana, elle domine la vallée avec ses murs en grand appareil presque intacts.", "source": "Wikidata Q42758204 ; Wikipedia (Limisa)", "photo": "", "photo_credit": "", "gouvernorat": "Siliana", "a_voir": "Une forteresse byzantine du VIe siècle remarquablement conservée, aux murs en grand appareil presque intacts dominant la vallée, au milieu des ruines de Limisa.", "conseil": "Site a la limite de Siliana (cote Oueslatia) : la forteresse se parcourt en moins d'une heure et offre une belle vue sur la vallée.", "vkey": "ksar-lemsa-limisa-3ead08"}}, {"type": "Feature", "geometry": {"type": "Point", "coordinates": [9.222872, 36.02994]}, "properties": {"nom": "Vicus Maracitanus (Ksar Toual Zammel)", "type": "ville", "epoque": "Numide / Romain", "description": "Site antique du gouvernorat de Siliana, a ~15 km au sud-ouest de Siliana, identifie au Vicus Maracitanus. Mausolée numido-romain a deux étages a façade a pilastres dans ses nécropoles. Lie a la question de la localisation de Zama.", "source": "Wikidata Q30590909 ; Wikipedia (Vicus Maracitanus)", "photo": "", "photo_credit": "", "gouvernorat": "Siliana", "a_voir": "Un mausolée numido-romain a deux étages a façade a pilastres, dans les nécropoles de ce site lie a la question de Zama.", "conseil": "A ~15 km au sud-ouest de Siliana ; site rural a reperer avec des coordonnées precises.", "vkey": "vicus-maracitanus-ksar-toual-zammel-86fc6b"}}, {"type": "Feature", "geometry": {"type": "Point", "coordinates": [9.705953, 36.409049]}, "properties": {"nom": "Avitta Bibba (Henchir Bou Ftis)", "type": "ville", "epoque": "Romain", "description": "Cité romaine d'Africa Proconsularis près de Bou Arada, au nord de Siliana (Henchir Bou Ftis). Ancien siège episcopal, vestiges d'un amphithéâtre.", "source": "Wikidata Q17332627 ; Wikipedia (Avitta Bibba)", "photo": "", "photo_credit": "", "gouvernorat": "Zaghouan", "a_voir": "Les vestiges épars de la cité romaine, dont les restes d'un amphithéâtre, dans la campagne près de Bou Arada ; site modeste et peu aménagé.", "conseil": "Réservé aux passionnés d'archéologie ; prévoir un véhicule et se renseigner localement pour le localiser.", "vkey": "avitta-bibba-henchir-bou-ftis-6c03fe"}}, {"type": "Feature", "geometry": {"type": "Point", "coordinates": [9.634267, 36.397969]}, "properties": {"nom": "Bisica Lucana (Henchir Bichga)", "type": "ville", "epoque": "Romain", "description": "Cité romaine d'Africa Proconsularis (Henchir Bichga, banlieue de Bou Arada, nord de Siliana). Colonie puis municipe : thermes, aqueduc, possible capitole, ancien évêché. Coordonnée approximative (Pleiades).", "source": "Wikidata Q866352 ; Wikipedia (Bisica) ; Pleiades 314908", "photo": "", "photo_credit": "", "gouvernorat": "Zaghouan", "a_voir": "Les vestiges dispersés de l'ancienne colonie romaine (thermes, traces d'aqueduc) dans la campagne près de Bou Arada ; site modeste à l'état de ruines.", "conseil": "Site peu balisé pour amateurs avertis ; combiner avec Avitta Bibba toute proche.", "vkey": "bisica-lucana-henchir-bichga-f039f3"}}, {"type": "Feature", "geometry": {"type": "Point", "coordinates": [10.736472, 36.456886]}, "properties": {"nom": "Grande Mosquée de Nabeul", "gouvernorat": "Nabeul", "type": "ville", "epoque": "Islamique", "description": "Grande mosquée de la ville de Nabeul, classée monument historique depuis le 3 mars 1915.", "source": "Wikidata Q42601658 ; Wikipédia (Grande mosquée de Nabeul)", "photo": "img/La_grande_Mosqu_e_de_Nabeul__septembre_2013__09.jpg", "photo_credit": "Habib M'henni, CC BY-SA 3.0, Wikimedia Commons", "a_voir": "Grande mosquée de la ville de Nabeul, classée monument historique depuis 1915.", "conseil": "À voir au fil d'une promenade dans la médina de Nabeul ; tenue correcte exigée.", "photo_source": "https://commons.wikimedia.org/wiki/File:La%20grande%20Mosqu%C3%A9e%20de%20Nabeul%2C%20septembre%202013%2C%2009.jpg", "vkey": "grande-mosquee-de-nabeul-2f3354"}}, {"type": "Feature", "geometry": {"type": "Point", "coordinates": [10.723844, 36.455117]}, "properties": {"nom": "Mosquée Sidi Achour (Nabeul)", "gouvernorat": "Nabeul", "type": "ville", "epoque": "Islamique", "description": "Mosquée Sidi Achour à Nabeul, classée monument historique depuis le 3 mars 1915.", "source": "Wikidata Q42602179 ; Wikipédia (Mosquée Sidi Achour)", "photo": "img/Mosqu_e_Sidi_Achour__Nabeul__septembre_2013.jpg", "photo_credit": "Habib M'henni, CC BY-SA 3.0, Wikimedia Commons", "a_voir": "Mosquée historique de Nabeul, classée monument historique depuis 1915.", "conseil": "Visite extérieure surtout ; à intégrer à une balade dans la médina.", "photo_source": "https://commons.wikimedia.org/wiki/File:Mosqu%C3%A9e%20Sidi%20Achour%2C%20Nabeul%2C%20septembre%202013.jpg", "vkey": "mosquee-sidi-achour-nabeul-b65aee"}}, {"type": "Feature", "geometry": {"type": "Point", "coordinates": [10.579489, 36.431056]}, "properties": {"nom": "Sanctuaire de Thinissut", "gouvernorat": "Nabeul", "type": "ville", "epoque": "Punique / Romain", "description": "Sanctuaire punico-romain dédié à Baal Hammon et Tanit, à Bir Bou Rekba près de Hammamet. Statues en terre cuite au Bardo.", "source": "Wikidata Q21064815 ; Wikipédia (Sanctuary of Thinissut)", "photo": "img/Terracotta_statue_of_Baal-Hammon_on_a_throne_AvL.jpg", "photo_credit": "Wikimedia Commons, CC BY-SA 4.0, Wikimedia Commons", "a_voir": "Sanctuaire punico-romain dédié à Baal Hammon et Tanit, à Bir Bou Rekba près de Hammamet ; ses statues en terre cuite sont conservées au musée du Bardo.", "conseil": "Sur place les vestiges sont ténus ; les statues majeures se voient au Bardo, à Tunis.", "photo_source": "https://commons.wikimedia.org/wiki/File:Terracotta%20statue%20of%20Baal-Hammon%20on%20a%20throne%20AvL.JPG", "vkey": "sanctuaire-de-thinissut-4f0364"}}, {"type": "Feature", "geometry": {"type": "Point", "coordinates": [10.456377, 36.533151]}, "properties": {"nom": "Temple capitolin de Tubernuc", "gouvernorat": "Nabeul", "type": "ville", "epoque": "Romain / Byzantin", "description": "Temple capitolin antique à Tubernuc (région de Soliman/Grombalia), connu localement comme le grand monument byzantin à trois portes.", "source": "Wikidata Q42601979 ; Wikipédia (Capitoline temple in Tubernuc)", "photo": "img/Grand_monument_byzantin___trois_portes_6.jpg", "photo_credit": "Noomen9, CC BY-SA 4.0, Wikimedia Commons", "a_voir": "Temple capitolin antique connu localement comme le grand monument à trois portes, dans la région de Soliman/Grombalia.", "conseil": "Site isolé et peu aménagé ; renseignez-vous sur place pour le localiser.", "photo_source": "https://commons.wikimedia.org/wiki/File:Grand%20monument%20byzantin%20%C3%A0%20trois%20portes%206.jpg", "vkey": "temple-capitolin-de-tubernuc-317e3c"}}, {"type": "Feature", "geometry": {"type": "Point", "coordinates": [10.613271, 36.393738]}, "properties": {"nom": "Musée Dar Khadija (Hammamet)", "gouvernorat": "Nabeul", "type": "ville", "epoque": "Contemporain", "description": "Musée installé dans une demeure traditionnelle de Hammamet.", "source": "Wikidata Q54888214 ; Wikipédia (Musée Dar Khadija)", "photo": "img/Porte_Hammamet_2013_06.jpg", "photo_credit": "Citizen59, CC BY 3.0, Wikimedia Commons", "horaires": "Musée — ouvert en journée (fermeture hebdomadaire possible) ; horaires à vérifier sur place.", "a_voir": "Musée installé dans une demeure traditionnelle de Hammamet, illustrant l'habitat et les arts décoratifs locaux.", "conseil": "Visite brève à associer à la médina d'Hammamet.", "photo_source": "https://commons.wikimedia.org/wiki/File:Porte%20Hammamet%202013%2006.JPG", "vkey": "musee-dar-khadija-hammamet-d46887"}}, {"type": "Feature", "geometry": {"type": "Point", "coordinates": [10.91, 37.02]}, "properties": {"nom": "Missua (site antique de Sidi Daoud)", "gouvernorat": "Nabeul", "type": "ville", "epoque": "Punique / Romain", "description": "Site archéologique antique de Missua, à Sidi Daoud sur le Cap Bon. Coordonnée Wikidata de faible précision (~1 km), approximative.", "source": "Wikidata Q97366242 ; Wikipédia (Missua)", "photo": "", "photo_credit": "", "a_voir": "Vestiges antiques puniques et romains à Sidi Daoud, sur la côte nord du Cap Bon.", "conseil": "Localisation imprécise et site peu mis en valeur ; à réserver aux amateurs.", "vkey": "missua-site-antique-de-sidi-daoud-a88e4a"}}, {"type": "Feature", "geometry": {"type": "Point", "coordinates": [10.508631, 36.029322]}, "properties": {"nom": "Hergla (Horrea Caelia)", "gouvernorat": "Sousse", "type": "ville", "epoque": "Romain / Islamique", "description": "Petite ville côtière blanche du golfe de Hammamet, sur le site romain d'Horrea Caelia. Médina avec la mosquée Sidi Bou Mendil.", "source": "Wikidata Q1203456 ; Wikipédia (Hergla)", "photo": "img/Hergla1.jpg", "photo_credit": "Togodumnus, CC BY-SA 3.0, Wikimedia Commons", "a_voir": "le village blanc perché sur la falaise ; la mosquée Sidi Bou Mendil ; les ruelles dominant la mer et l'ancien atelier de nattes.", "conseil": "Halte pittoresque entre Sousse et Hammamet ; belle vue sur le large depuis le bord du plateau.", "photo_source": "https://commons.wikimedia.org/wiki/File:Hergla1.jpg", "vkey": "hergla-horrea-caelia-a2c18c"}}, {"type": "Feature", "geometry": {"type": "Point", "coordinates": [10.380922, 36.135294]}, "properties": {"nom": "Enfida (Enfidaville)", "gouvernorat": "Sousse", "type": "ville", "epoque": "Antique / Contemporain (colonial)", "description": "Ville du Sahel proche du site antique d'Uppenna. Musée de mosaïques paléochrétiennes ; cimetière militaire du Commonwealth (1942-1943).", "source": "Wikidata Q1025361 ; Wikipédia (Enfida)", "photo": "img/Enfidha_2.jpg", "photo_credit": "Wakowlk, CC BY-SA 3.0, Wikimedia Commons", "a_voir": "Ville du Sahel proche de l'antique Uppenna ; musée de mosaïques paléochrétiennes et cimetière militaire du Commonwealth de la campagne de 1942-1943.", "conseil": "Le musée d'Enfida et le cimetière militaire constituent les deux points d'intérêt principaux.", "photo_source": "https://commons.wikimedia.org/wiki/File:Enfidha%202.JPG", "vkey": "enfida-enfidaville-1d103d"}}, {"type": "Feature", "geometry": {"type": "Point", "coordinates": [10.379825, 36.135331]}, "properties": {"nom": "Musée d'Enfida", "gouvernorat": "Sousse", "type": "ville", "epoque": "Romain (paléochrétien) / colonial", "description": "Ancienne église néo-romane (1907) transformée en musée régional en 1966. Riche collection de mosaïques funéraires chrétiennes d'Uppenna.", "source": "Wikidata Q3329540 ; Wikipédia (Musée d'Enfida)", "photo": "img/Eglise_d_Enfidaville_Transept_sud-ouest.jpg", "photo_credit": "Camille56, CC BY 4.0, Wikimedia Commons", "horaires": "Musée — ouvert en journée (fermeture hebdomadaire possible) ; horaires à vérifier sur place.", "a_voir": "Ancienne église néo-romane de 1907 transformée en musée régional, présentant de riches mosaïques funéraires chrétiennes provenant d'Uppenna.", "conseil": "À voir avec le site d'Uppenna voisin dont proviennent les mosaïques.", "photo_source": "https://commons.wikimedia.org/wiki/File:Eglise%20d%27Enfidaville%20Transept%20sud-ouest.jpg", "vkey": "musee-d-enfida-ccd663"}}, {"type": "Feature", "geometry": {"type": "Point", "coordinates": [10.417056, 36.165804]}, "properties": {"nom": "Uppenna (Henchir Chigarnia)", "gouvernorat": "Sousse", "type": "ville", "epoque": "Romain / Byzantin (paléochrétien)", "description": "Site antique au nord d'Enfida avec basilique paléochrétienne. Origine des célèbres mosaïques épigraphiques du musée d'Enfida.", "source": "Wikidata Q105729381 ; Wikipédia (Uppenna)", "photo": "img/Tunisie_Uppenna_1.jpg", "photo_credit": "M.Rais, CC0, Wikimedia Commons", "a_voir": "Site antique au nord d'Enfida avec une basilique paléochrétienne, d'où proviennent les célèbres mosaïques épigraphiques du musée d'Enfida.", "conseil": "Site dépouillé ; la visite prend tout son sens couplée au musée d'Enfida.", "photo_source": "https://commons.wikimedia.org/wiki/File:Tunisie%20Uppenna%201.jpg", "vkey": "uppenna-henchir-chigarnia-240751"}}, {"type": "Feature", "geometry": {"type": "Point", "coordinates": [10.635278, 35.821944]}, "properties": {"nom": "Musée archéologique de Sousse", "gouvernorat": "Sousse", "type": "ville", "epoque": "Romain", "description": "Musée installé dans la kasbah de Sousse, l'une des plus riches collections de mosaïques romaines de Tunisie.", "source": "Wikidata Q3329457 ; Wikipédia (Musée archéologique de Sousse)", "photo": "img/Archaeological_Museum_of_Sousse_07042013.jpg", "photo_credit": "Yamen, CC BY-SA 4.0, Wikimedia Commons", "horaires": "Musée — ouvert en journée (fermeture hebdomadaire possible) ; horaires à vérifier sur place.", "a_voir": "Installé dans la kasbah, il abrite l'une des plus riches collections de mosaïques romaines de Tunisie.", "conseil": "Incontournable du Sahel pour les mosaïques ; à combiner avec la kasbah qui l'abrite.", "photo_source": "https://commons.wikimedia.org/wiki/File:Archaeological%20Museum%20of%20Sousse%2007042013.jpg", "vkey": "musee-archeologique-de-sousse-df39e8"}}, {"type": "Feature", "geometry": {"type": "Point", "coordinates": [10.583333, 35.733333]}, "properties": {"nom": "M'saken", "gouvernorat": "Sousse", "type": "ville", "epoque": "Islamique", "description": "Ville du Sahel au sud de Sousse : Grande Mosquée, mosquée El Aousat, palais Chakir Saheb Ettabaâ (1828) et nombreuses zaouïas.", "source": "Wikidata Q1014928 ; Wikipédia (M'saken)", "photo": "img/CentrevilleMsaken.jpg", "photo_credit": "rais58, CC0, Wikimedia Commons", "a_voir": "Ville du Sahel au patrimoine dense : Grande Mosquée, mosquée El Aousat, palais Chakir Saheb Ettabaâ (1828) et nombreuses zaouïas.", "conseil": "Promenade urbaine hors des sentiers touristiques ; visites surtout extérieures.", "photo_source": "https://commons.wikimedia.org/wiki/File:CentrevilleMsaken.jpg", "vkey": "m-saken-ed440b"}}, {"type": "Feature", "geometry": {"type": "Point", "coordinates": [10.533333, 35.866667]}, "properties": {"nom": "Kalâa Kebira", "gouvernorat": "Sousse", "type": "ville", "epoque": "Islamique (aghlabide)", "description": "Ville dont le nom signifie « grande forteresse ». Noyau ancien « El Ksar » fondé sous les Aghlabides, jadis ceinturé d'un rempart.", "source": "Wikidata Q2718742 ; Wikipédia (Kalâa Kebira)", "photo": "img/Kalaa_Kebira_La_Gare.png", "photo_credit": "No machine-readable author provided. Saied assumed (based on, Public domain, Wikimedia Commons", "a_voir": "Ville dont le nom signifie « grande forteresse », autour du noyau ancien « El Ksar » fondé sous les Aghlabides et jadis ceinturé d'un rempart.", "conseil": "Étape de proximité depuis Sousse pour qui s'intéresse au tissu ancien du Sahel.", "photo_source": "https://commons.wikimedia.org/wiki/File:Kalaa%20Kebira%20La%20Gare.png", "vkey": "kalaa-kebira-0d3a3c"}}, {"type": "Feature", "geometry": {"type": "Point", "coordinates": [10.5712, 35.8712]}, "properties": {"nom": "Akouda", "gouvernorat": "Sousse", "type": "ville", "epoque": "Islamique", "description": "Ville au nord-ouest de Sousse, marquée par le minaret de sa Grande Mosquée.", "source": "Wikidata Q2734713 ; Wikipédia (Akouda)", "photo": "img/Minaret_Akouda__Tunisie_juin_2013.jpg", "photo_credit": "Habib M'henni, CC BY-SA 3.0, Wikimedia Commons", "a_voir": "Ville au nord-ouest de Sousse, marquée par le minaret de sa Grande Mosquée.", "conseil": "Halte brève ; intérêt limité au minaret et au cœur ancien.", "photo_source": "https://commons.wikimedia.org/wiki/File:Minaret%20Akouda%2C%20Tunisie%20juin%202013.jpg", "vkey": "akouda-d13e48"}}, {"type": "Feature", "geometry": {"type": "Point", "coordinates": [10.901062, 35.631412]}, "properties": {"nom": "Synagogue de Moknine", "gouvernorat": "Monastir", "type": "ville", "epoque": "Ottoman / moderne", "description": "Ancienne synagogue de la communauté juive de Moknine, témoin du patrimoine judéo-tunisien.", "source": "Wikidata Q123182898 ; Wikipédia (Synagogue de Moknine)", "photo": "img/Moknine_synagogue_05.jpg", "photo_credit": "Yamen, CC BY-SA 3.0, Wikimedia Commons", "a_voir": "Ancienne synagogue de la communauté juive de Moknine, témoin du patrimoine judéo-tunisien du Sahel.", "conseil": "Renseignez-vous localement sur les conditions de visite, l'édifice n'étant pas toujours ouvert.", "photo_source": "https://commons.wikimedia.org/wiki/File:Moknine%20synagogue%2005.JPG", "vkey": "synagogue-de-moknine-8011d7"}}, {"type": "Feature", "geometry": {"type": "Point", "coordinates": [10.900842, 35.625461]}, "properties": {"nom": "Musée archéologique et ethnographique de Moknine", "gouvernorat": "Monastir", "type": "ville", "epoque": "Punique / Contemporain", "description": "Musée de pièces puniques et de collections d'arts et traditions populaires (textiles, bijoux, artisanat). Inauguré en 2007.", "source": "Wikidata Q3329467 ; Wikipédia (Musée de Moknine)", "photo": "img/Museum_of_Moknine1.jpg", "photo_credit": "Yamen, CC BY-SA 3.0, Wikimedia Commons", "horaires": "Musée — ouvert en journée (fermeture hebdomadaire possible) ; horaires à vérifier sur place.", "a_voir": "Musée (2007) mêlant pièces puniques et collections d'arts et traditions populaires : textiles, bijoux et artisanat local.", "conseil": "Bon aperçu de la culture matérielle du Sahel, à voir avec la synagogue de Moknine.", "photo_source": "https://commons.wikimedia.org/wiki/File:Museum%20of%20Moknine1.JPG", "vkey": "musee-archeologique-et-ethnographique-de-6faf67"}}, {"type": "Feature", "geometry": {"type": "Point", "coordinates": [10.831039, 35.774132]}, "properties": {"nom": "Musée des Arts et Traditions populaires de Monastir", "gouvernorat": "Monastir", "type": "ville", "epoque": "Contemporain", "description": "Musée des arts et traditions populaires de Monastir, dans la médina (créé en 1985).", "source": "Wikidata Q47004620 ; Wikipédia (Musée de Monastir)", "photo": "img/Ville_de_Monastir_02.jpg", "photo_credit": "Yamen, CC BY-SA 3.0, Wikimedia Commons", "horaires": "Musée — ouvert en journée (fermeture hebdomadaire possible) ; horaires à vérifier sur place.", "a_voir": "Musée des arts et traditions populaires installé dans la médina de Monastir (créé en 1985).", "conseil": "Visite à intégrer à un parcours médina-ribat de Monastir.", "photo_source": "https://commons.wikimedia.org/wiki/File:Ville%20de%20Monastir%2002.JPG", "vkey": "musee-des-arts-et-traditions-populaires--90093a"}}, {"type": "Feature", "geometry": {"type": "Point", "coordinates": [10.830544, 35.772779]}, "properties": {"nom": "Remparts de Monastir", "gouvernorat": "Monastir", "type": "ville", "epoque": "Islamique (médiéval)", "description": "Anciennes murailles de la médina de Monastir, distinctes du ribat.", "source": "Wikidata Q42762748 ; Wikipédia (Remparts de Monastir)", "photo": "img/Monastir54.jpg", "photo_credit": "Wael Ghabara, CC BY-SA 3.0, Wikimedia Commons", "a_voir": "Anciennes murailles de la médina de Monastir, distinctes du ribat, marquant le tracé historique de la ville.", "conseil": "À découvrir en longeant la médina lors de la visite du ribat.", "photo_source": "https://commons.wikimedia.org/wiki/File:Monastir54.jpg", "vkey": "remparts-de-monastir-85de75"}}, {"type": "Feature", "geometry": {"type": "Point", "coordinates": [10.831941, 35.776632]}, "properties": {"nom": "Mausolée Omar Makhlouf (Monastir)", "gouvernorat": "Monastir", "type": "ville", "epoque": "Ottoman / Islamique", "description": "Zaouïa et mausolée dans la médina de Monastir, lieu de dévotion traditionnel.", "source": "Wikidata Q42762727 ; Wikipédia (Mausolée Omar Makhlouf)", "photo": "img/Zaouia_Sidi_Amor_Makhlouf__Monastir__septembre_2013__06.jpg", "photo_credit": "Habib M'henni, CC BY-SA 3.0, Wikimedia Commons", "a_voir": "Zaouïa et mausolée de la médina de Monastir, lieu de dévotion traditionnel.", "conseil": "Petit édifice à voir au passage dans la médina ; respectez le caractère cultuel des lieux.", "photo_source": "https://commons.wikimedia.org/wiki/File:Zaouia%20Sidi%20Amor%20Makhlouf%2C%20Monastir%2C%20septembre%202013%2C%2006.jpg", "vkey": "mausolee-omar-makhlouf-monastir-fe3e7f"}}, {"type": "Feature", "geometry": {"type": "Point", "coordinates": [10.82528, 35.76944]}, "properties": {"nom": "Ruspina", "gouvernorat": "Monastir", "type": "ville", "epoque": "Punique / Romain", "description": "Ancienne cité punique puis romaine correspondant à l'actuelle Monastir, citée par les sources antiques (guerre civile de César).", "source": "Wikidata Q2425989 ; Wikipédia (Ruspina)", "photo": "", "photo_credit": "", "a_voir": "Ancienne cité punique puis romaine correspondant à l'actuelle Monastir, citée par les sources antiques (guerre civile de César) ; vestiges très réduits.", "conseil": "Plus un repère historique qu'un site visitable, la ville moderne ayant recouvert l'antique.", "vkey": "ruspina-a887a4"}}, {"type": "Feature", "geometry": {"type": "Point", "coordinates": [10.45, 32.933333]}, "properties": {"nom": "Tataouine (Foum Tataouine)", "gouvernorat": "Tataouine", "type": "ville", "epoque": "Coloniale / moderne", "description": "Chef-lieu du gouvernorat de Tataouine, ancienne ville de garnison du protectorat, porte d'acces aux ksour du Dahar.", "source": "Wikidata Q817149 ; Wikipedia (Tataouine)", "photo": "img/Tataouine_by_night.jpg", "photo_credit": "Averater, CC BY-SA 3.0, Wikimedia Commons", "a_voir": "Ancienne ville de garnison du protectorat, porte d'acces aux ksour du Dahar.", "conseil": "Point de depart des circuits vers les ksour : faites le plein d'eau et de carburant.", "photo_source": "https://commons.wikimedia.org/wiki/File:Tataouine%20by%20night.jpg", "vkey": "tataouine-foum-tataouine-aa21f5"}}, {"type": "Feature", "geometry": {"type": "Point", "coordinates": [10.472083, 32.863767]}, "properties": {"nom": "Ksar Ouled Aoun", "gouvernorat": "Tataouine", "type": "ville", "epoque": "Berbere (vers 1705)", "description": "Ksar a ghorfas de forme semi-circulaire près de Maztouria, 96 a 220 ghorfas sur deux a trois étages ; restauré en 2007.", "source": "Wikidata Q73805430 ; Wikipedia (Ksar Ouled Aoun)", "photo": "img/Ksar_Ouled_Aoun.jpg", "photo_credit": "Colin Hepburn from Sale, UK, CC BY-SA 2.0, Wikimedia Commons", "a_voir": "Ksar a ghorfas de forme semi-circulaire près de Maztouria, restauré, sur deux a trois étages.", "conseil": "Etape breve ; lumière de fin de journee la plus flatteuse pour les photos.", "photo_source": "https://commons.wikimedia.org/wiki/File:Ksar%20Ouled%20Aoun.jpg", "vkey": "ksar-ouled-aoun-76c814"}}, {"type": "Feature", "geometry": {"type": "Point", "coordinates": [10.4677, 32.8478]}, "properties": {"nom": "Ksar El Kedim", "gouvernorat": "Tataouine", "type": "ville", "epoque": "Berbere (medieval)", "description": "Ksar fortifié du gouvernorat de Tataouine, monument classé, attribué aux Berbères Zenetes.", "source": "Wikidata Q73805435 ; Wikipedia (Ksar El Kedim)", "photo": "", "photo_credit": "", "a_voir": "Ksar fortifié classé, attribué aux Berbères Zenetes, dans le gouvernorat de Tataouine.", "conseil": "Site modeste a integrer dans un circuit des ksour avec guide local.", "vkey": "ksar-el-kedim-6d9a0d"}}, {"type": "Feature", "geometry": {"type": "Point", "coordinates": [10.396133, 32.515583]}, "properties": {"nom": "Ksar Dghaghra", "gouvernorat": "Tataouine", "type": "ville", "epoque": "Berbere (vers 1933)", "description": "Ksar (grenier fortifié) berbère du gouvernorat de Tataouine.", "source": "Wikidata Q73805452 ; Wikipedia (Ksar Dghaghra)", "photo": "", "photo_credit": "", "a_voir": "Ksar (grenier fortifié) berbère du gouvernorat de Tataouine.", "conseil": "Visite rapide ; combinable avec les ksour voisins du Dahar.", "vkey": "ksar-dghaghra-f953d8"}}, {"type": "Feature", "geometry": {"type": "Point", "coordinates": [10.440917, 32.908083]}, "properties": {"nom": "Ksar Jelidet (Ksar Boujlida)", "gouvernorat": "Tataouine", "type": "ville", "epoque": "Berbere", "description": "Ksar de l'ensemble des Ksour Jelidet, fort-grenier berbère classé.", "source": "Wikidata Q73805423 ; Wikipedia (Ksar Boujlida)", "photo": "img/Ksar_Boujlida_34.jpg", "photo_credit": "نعيم قربوسي, CC BY 4.0, Wikimedia Commons", "a_voir": "Fort-grenier berbère classé, faisant partie de l'ensemble des Ksour Jelidet.", "conseil": "Acces par pistes : un guide local facilite le reperage.", "photo_source": "https://commons.wikimedia.org/wiki/File:Ksar%20Boujlida%2034.jpg", "vkey": "ksar-jelidet-ksar-boujlida-16b6a4"}}, {"type": "Feature", "geometry": {"type": "Point", "coordinates": [10.352417, 33.085867]}, "properties": {"nom": "Ksar Beni Ghedir", "gouvernorat": "Tataouine", "type": "ville", "epoque": "Berbere", "description": "Ksar a ghorfas du nord du gouvernorat de Tataouine, zone des greniers fortifies du Dahar.", "source": "Wikidata Q56280221 ; Wikipedia (Ksar Beni Ghedir)", "photo": "img/Ksar_Beni_Ghedir_2018-2.jpg", "photo_credit": "Mohatatou, CC BY-SA 4.0, Wikimedia Commons", "a_voir": "Ksar a ghorfas du nord de Tataouine, dans la zone des greniers fortifies du Dahar.", "conseil": "Etape courte ; a inclure dans un circuit des ksour.", "photo_source": "https://commons.wikimedia.org/wiki/File:Ksar%20Beni%20Ghedir%202018-2.jpg", "vkey": "ksar-beni-ghedir-88680c"}}, {"type": "Feature", "geometry": {"type": "Point", "coordinates": [10.820283, 32.87275]}, "properties": {"nom": "Ksar Beni Mhira (El Ataya)", "gouvernorat": "Tataouine", "type": "ville", "epoque": "Berbere (1806)", "description": "Ksar rectangulaire (150x70 m) sur une colline de la Djeffara, ~160 ghorfas.", "source": "Wikidata Q73802945 ; Wikipedia (Ksar Beni Mhira El Ataya)", "photo": "", "photo_credit": "", "a_voir": "Ksar rectangulaire (150x70 m) sur une colline de la Djeffara, aux ~160 ghorfas.", "conseil": "Position en hauteur agreable au coucher du soleil ; eau recommandee.", "vkey": "ksar-beni-mhira-el-ataya-32d5bc"}}, {"type": "Feature", "geometry": {"type": "Point", "coordinates": [10.825967, 32.873917]}, "properties": {"nom": "Ksar Beni Mhira (Zorgane)", "gouvernorat": "Tataouine", "type": "ville", "epoque": "Berbere (fin XIXe s.)", "description": "Ksar en parallelogramme (120x80 m) près de Beni Mhira, 170 a 250 ghorfas sur deux étages.", "source": "Wikidata Q73802947 ; Wikipedia (Ksar Beni Mhira Zorgane)", "photo": "", "photo_credit": "", "a_voir": "Ksar en parallelogramme (120x80 m) de 170 a 250 ghorfas sur deux étages.", "conseil": "A coupler avec l'autre ksar Beni Mhira ; chaleur a anticiper.", "vkey": "ksar-beni-mhira-zorgane-09d870"}}, {"type": "Feature", "geometry": {"type": "Point", "coordinates": [10.399444, 32.316667]}, "properties": {"nom": "Remada (Tillibari)", "gouvernorat": "Tataouine", "type": "ville", "epoque": "Romain / colonial", "description": "Ville du sud proche de la frontière libyenne, sur le site de l'antique fort romain de Tillibari (limes).", "source": "Wikidata Q1015427 ; Wikipedia (Remada)", "photo": "", "photo_credit": "", "a_voir": "Ville du sud sur le site de l'antique fort romain de Tillibari (limes), près de la frontière libyenne.", "conseil": "Zone frontaliere reculee : renseignez-vous sur l'acces et voyagez avec de l'eau.", "vkey": "remada-tillibari-421ba3"}}, {"type": "Feature", "geometry": {"type": "Point", "coordinates": [10.70285, 32.01099]}, "properties": {"nom": "Dehiba", "gouvernorat": "Tataouine", "type": "ville", "epoque": "Contemporain", "description": "Ville de l'est du gouvernorat de Tataouine, point de passage frontalier avec la Libye.", "source": "Wikidata Q1015418 ; Wikipedia (Dehiba)", "photo": "", "photo_credit": "", "a_voir": "Ville de l'est de Tataouine, point de passage frontalier avec la Libye.", "conseil": "Intérêt surtout de transit ; verifiez les conditions de la zone frontaliere.", "vkey": "dehiba-9eef57"}}, {"type": "Feature", "geometry": {"type": "Point", "coordinates": [10.505278, 33.354722]}, "properties": {"nom": "Medenine (ville et ksour)", "gouvernorat": "Médenine", "type": "ville", "epoque": "Ksour (XVIIe-XIXe s.)", "description": "Chef-lieu du gouvernorat de Medenine, célèbre pour ses ksour a ghorfas (magasins collectifs des tribus berbères).", "source": "Wikidata Q846653 ; Wikipedia (Médenine)", "photo": "img/Medenine_Ghorfas.jpg", "photo_credit": "No machine-readable author provided. BishkekRocks assumed (b, Public domain, Wikimedia Commons", "a_voir": "Chef-lieu célèbre pour ses ksour a ghorfas, anciens magasins collectifs des tribus berbères.", "conseil": "Quelques ghorfas restaurees se visitent en ville ; etape pratique vers les ksour du Dahar.", "photo_source": "https://commons.wikimedia.org/wiki/File:Medenine%20Ghorfas.JPG", "vkey": "medenine-ville-et-ksour-faeef0"}}, {"type": "Feature", "geometry": {"type": "Point", "coordinates": [11.116667, 33.5]}, "properties": {"nom": "Zarzis (Gergis)", "gouvernorat": "Médenine", "type": "ville", "epoque": "Antique (Gergis) / moderne", "description": "Commune côtière du sud-est, station balneaire bordée d'oliveraies, sur le site de l'antique Gergis.", "source": "Wikidata Q148142 ; Wikipedia (Zarzis)", "photo": "img/Tunesien_Zarzis_2.jpg", "photo_credit": "Big, CC BY-SA 3.0, Wikimedia Commons", "a_voir": "Station balneaire bordée d'oliveraies, sur le site de l'antique Gergis.", "conseil": "Plages et detente côtière ; combinable avec Djerba toute proche.", "photo_source": "https://commons.wikimedia.org/wiki/File:Tunesien%20Zarzis%202.jpg", "vkey": "zarzis-gergis-b516ef"}}, {"type": "Feature", "geometry": {"type": "Point", "coordinates": [11.216667, 33.138889]}, "properties": {"nom": "Ben Gardane", "gouvernorat": "Médenine", "type": "ville", "epoque": "Moderne", "description": "Ville du sud-est proche de la frontière libyenne, important centre commercial transfrontalier.", "source": "Wikidata Q1143002 ; Wikipedia (Ben Gardane)", "photo": "img/AvenueBenGardane2011.jpg", "photo_credit": "Dr Samir Abdelmoumen, CC BY 3.0, Wikimedia Commons", "a_voir": "Ville du sud-est, important centre commercial transfrontalier proche de la Libye.", "conseil": "Intérêt surtout commercial et de transit ; verifiez l'actualite de la zone frontaliere.", "photo_source": "https://commons.wikimedia.org/wiki/File:AvenueBenGardane2011.jpg", "vkey": "ben-gardane-a0e51b"}}, {"type": "Feature", "geometry": {"type": "Point", "coordinates": [10.748642, 33.724868]}, "properties": {"nom": "Ajim (Djerba)", "gouvernorat": "Médenine", "type": "ville", "epoque": "Port historique de Djerba", "description": "Ville côtière de l'ouest de Djerba, principal point de liaison par bac avec le continent, ancien port d'eponges.", "source": "Wikidata Q979167 ; Wikipedia (Ajim)", "photo": "img/Ajim1.jpg", "photo_credit": "Jaume Ollé, CC BY 2.5, Wikimedia Commons", "a_voir": "Port de l'ouest de Djerba, principale liaison par bac avec le continent et ancien port d'eponges.", "conseil": "Le bac relié Djerba au continent : prevoyez l'attente aux heures de pointe.", "photo_source": "https://commons.wikimedia.org/wiki/File:Ajim1.jpg", "vkey": "ajim-djerba-d03626"}}, {"type": "Feature", "geometry": {"type": "Point", "coordinates": [10.919444, 33.75]}, "properties": {"nom": "Sedouikech (Djerba)", "gouvernorat": "Médenine", "type": "ville", "epoque": "Localite berberophone", "description": "Village du centre de Djerba, l'une des rares localites ou subsiste le berbère de Djerba.", "source": "Wikidata Q3477634 ; Wikipedia (Sedouikech)", "photo": "img/Djerba_Mosqu_e_sous_terraine.jpg", "photo_credit": "Rais67, Public domain, Wikimedia Commons", "a_voir": "Village du centre de Djerba, l'une des rares localites ou subsiste le berbère de l'ile.", "conseil": "Halte tranquille au cœur de l'ile, loin de l'agitation balneaire.", "photo_source": "https://commons.wikimedia.org/wiki/File:Djerba%20Mosqu%C3%A9e%20sous%20terraine.jpg", "vkey": "sedouikech-djerba-488de6"}}, {"type": "Feature", "geometry": {"type": "Point", "coordinates": [10.991944, 33.807778]}, "properties": {"nom": "Midoun (Djerba)", "gouvernorat": "Médenine", "type": "ville", "epoque": "Moderne", "description": "Deuxieme ville de Djerba par sa population, centre du nord-est de l'ile.", "source": "Wikidata Q687088 ; Wikipedia (Midoun)", "photo": "img/Midoun_strasse.jpg", "photo_credit": "Philip Klever alias User:Killerwal, Public domain, Wikimedia Commons", "a_voir": "Deuxieme ville de Djerba, centre anime du nord-est de l'ile.", "conseil": "Marche hebdomadaire repute : venez tot pour l'ambiance et eviter la chaleur.", "photo_source": "https://commons.wikimedia.org/wiki/File:Midoun%20strasse.JPG", "vkey": "midoun-djerba-819bcf"}}, {"type": "Feature", "geometry": {"type": "Point", "coordinates": [10.963889, 33.797222]}, "properties": {"nom": "Mahboubine (Djerba)", "gouvernorat": "Médenine", "type": "ville", "epoque": "Mosquee El Kateb", "description": "Village du sud-est de Djerba, connu pour sa mosquée El Kateb d'inspiration ottomane.", "source": "Wikidata Q3277667 ; Wikipedia (Mahboubine)", "photo": "img/Jerba_juin_2005_007.jpg", "photo_credit": "walid bel haj ali, CC BY 3.0, Wikimedia Commons", "a_voir": "Village du sud-est de Djerba, connu pour sa mosquée El Kateb d'inspiration ottomane.", "conseil": "Etape courte pour admirer la mosquée ; tenue correcte a proximité.", "photo_source": "https://commons.wikimedia.org/wiki/File:Jerba%20juin%202005%20007.jpg", "vkey": "mahboubine-djerba-c331e3"}}, {"type": "Feature", "geometry": {"type": "Point", "coordinates": [10.917556, 33.682916]}, "properties": {"nom": "El Kantara (Djerba)", "gouvernorat": "Médenine", "type": "ville", "epoque": "Romain (chaussee) et posterieur", "description": "Localite du sud-est de Djerba, a l'emplacement de la chaussée romaine reliant l'ile au continent vers Zarzis.", "source": "Wikidata Q12191490 ; Wikipedia (El Kantara)", "photo": "img/El_kantara-stegop-02c.jpg", "photo_credit": "Stegop, CC BY-SA 3.0, Wikimedia Commons", "a_voir": "Localite a l'emplacement de la chaussée romaine reliant l'ile au continent vers Zarzis.", "conseil": "Point de passage de la chaussée : pratique pour rejoindre le continent.", "photo_source": "https://commons.wikimedia.org/wiki/File:El%20kantara-stegop-02c.jpg", "vkey": "el-kantara-djerba-0740ef"}}, {"type": "Feature", "geometry": {"type": "Point", "coordinates": [10.676111, 33.537778]}, "properties": {"nom": "Boughrara", "gouvernorat": "Médenine", "type": "ville", "epoque": "Proche de Gightis", "description": "Village du continent proche de l'antique cité de Gightis, sur la cote face a Djerba.", "source": "Wikidata Q50213083 ; Wikipedia (Boughrara)", "photo": "", "photo_credit": "", "a_voir": "Village côtier du continent, proche de l'antique cité de Gightis, face a Djerba.", "conseil": "A combiner avec la visite du site antique de Gightis tout proche.", "vkey": "boughrara-2e5376"}}, {"type": "Feature", "geometry": {"type": "Point", "coordinates": [10.098333, 33.881389]}, "properties": {"nom": "Médina de Gabes (Jara)", "gouvernorat": "Gabès", "type": "ville", "epoque": "Antiquite (Tacapae) a nos jours", "description": "Cœur historique de Gabes, ville-oasis du golfe, quartiers anciens de la Petite et Grande Jara, sur le site de l'antique Tacapae.", "source": "Wikidata Q215661 ; Wikipedia (Gabès)", "photo": "img/Mosque_called______________Rue_El_Hbib_Chagra__Gabes_6002__Tunisia_at_dusk.jpg", "photo_credit": "Ridiculopathy, CC0, Wikimedia Commons", "a_voir": "Cœur historique de la ville-oasis du golfe, avec les quartiers anciens de la Petite et Grande Jara, sur le site de l'antique Tacapae.", "conseil": "Flanez dans la médina et l'oasis voisine en evitant la chaleur de midi.", "photo_source": "https://commons.wikimedia.org/wiki/File:Mosque%20called%20%D8%AC%D8%A7%D9%85%D8%B9%20%D8%A7%D9%84%D8%B3%D9%84%D8%A7%D9%85%2C%20Rue%20El%20Hbib%20Chagra%2C%20Gabes%206002%2C%20Tunisia%20at%20dusk.jpg", "vkey": "medina-de-gabes-jara-140e79"}}, {"type": "Feature", "geometry": {"type": "Point", "coordinates": [10.064979, 33.939728]}, "properties": {"nom": "Ghannouch", "gouvernorat": "Gabès", "type": "ville", "epoque": "Contemporain", "description": "Commune et délégation du gouvernorat de Gabes, sur le golfe au nord de la ville.", "source": "Wikidata Q3100723 ; Wikipedia (Ghannouch)", "photo": "img/Ghannouch.jpg", "photo_credit": "Jaume Ollé, CC BY 2.5, Wikimedia Commons", "a_voir": "Commune du golfe de Gabes, au nord de la ville.", "conseil": "Localite ordinaire : intérêt limite pour le visiteur, plutot une etape de passage.", "photo_source": "https://commons.wikimedia.org/wiki/File:Ghannouch.JPG", "vkey": "ghannouch-0b8c1e"}}, {"type": "Feature", "geometry": {"type": "Point", "coordinates": [9.969921, 33.985111]}, "properties": {"nom": "Oudhref", "gouvernorat": "Gabès", "type": "ville", "epoque": "Contemporain", "description": "Localite et délégation du gouvernorat de Gabes, au nord-ouest de Gabes.", "source": "Wikidata Q3357995 ; Wikipedia (Oudhref)", "photo": "", "photo_credit": "", "a_voir": "Localite et délégation au nord-ouest de Gabes.", "conseil": "Halte de passage ; peu d'intérêt touristique majeur.", "vkey": "oudhref-e27f0c"}}, {"type": "Feature", "geometry": {"type": "Point", "coordinates": [10, 33.96]}, "properties": {"nom": "El Metouia", "gouvernorat": "Gabès", "type": "ville", "epoque": "Oasis traditionnelle", "description": "Localite oasienne et délégation du gouvernorat de Gabes, au nord de la ville.", "source": "Wikidata Q3127824 ; Wikipedia (El Metouia)", "photo": "", "photo_credit": "", "a_voir": "Localite oasienne au nord de Gabes, dans l'oasis du golfe.", "conseil": "Promenade fraiche sous les palmiers possible aux heures chaudes.", "vkey": "el-metouia-081565"}}, {"type": "Feature", "geometry": {"type": "Point", "coordinates": [10.06, 33.63]}, "properties": {"nom": "Nouvelle Matmata", "gouvernorat": "Gabès", "type": "ville", "epoque": "Contemporain (post-1956)", "description": "Ville nouvelle bâtie sur le plateau de l'Aradh pour reloger les populations berbères des montagnes de Matmata.", "source": "Wikidata Q3108034 ; Wikipedia (Nouvelle Matmata)", "photo": "img/Novamatmata2.jpg", "photo_credit": "Jaume Ollé, CC BY 2.5, Wikimedia Commons", "a_voir": "Ville nouvelle bâtie sur le plateau de l'Aradh pour reloger les Berbères des montagnes de Matmata.", "conseil": "Etape de passage vers la Matmata historique et ses maisons troglodytiques.", "photo_source": "https://commons.wikimedia.org/wiki/File:Novamatmata2.jpg", "vkey": "nouvelle-matmata-ca87e5"}}, {"type": "Feature", "geometry": {"type": "Point", "coordinates": [10.08, 33.9]}, "properties": {"nom": "Chenini Nahal (Gabes)", "gouvernorat": "Gabès", "type": "ville", "epoque": "Oasis traditionnelle", "description": "Village et oasis littorale au sud-ouest de Gabes (palmiers-dattiers, henné). Distinct du Chenini berbère de Tataouine.", "source": "Wikidata Q2053798 ; Wikipedia (Chenini Nahal)", "photo": "img/Palmeraie_gab_s2.jpg", "photo_credit": "The original uploader was Elcèd77 at French Wikipedia., CC BY-SA 3.0, Wikimedia Commons", "a_voir": "Village et oasis littorale au sud-ouest de Gabes (palmiers-dattiers, henné) ; distinct du Chenini berbère de Tataouine.", "conseil": "Balade ombragee dans l'oasis ; ne pas confondre avec le Chenini de Tataouine.", "photo_source": "https://commons.wikimedia.org/wiki/File:Palmeraie%20gab%C3%A8s2.jpg", "vkey": "chenini-nahal-gabes-347564"}}, {"type": "Feature", "geometry": {"type": "Point", "coordinates": [10.286121, 33.617764]}, "properties": {"nom": "Mareth", "gouvernorat": "Gabès", "type": "ville", "epoque": "Contemporain", "description": "Ville entre Gabes et Medenine, qui a donne son nom a la ligne Mareth (années 1930).", "source": "Wikidata Q3105874 ; Wikipedia (Mareth)", "photo": "img/Mareth.jpg", "photo_credit": "DrFO.Jr.Tn, CC BY 3.0, Wikimedia Commons", "a_voir": "Ville qui a donne son nom a la ligne Mareth ; un musée local évoque la bataille de 1943.", "conseil": "Le musée de la ligne Mareth aide a comprendre les vestiges alentour.", "photo_source": "https://commons.wikimedia.org/wiki/File:Mareth.jpg", "vkey": "mareth-6b3bf8"}}, {"type": "Feature", "geometry": {"type": "Point", "coordinates": [10.350494, 33.667854]}, "properties": {"nom": "Zarat", "gouvernorat": "Gabès", "type": "ville", "epoque": "Contemporain", "description": "Localite côtière du gouvernorat de Gabes, au sud de Gabes, avec un port de peche.", "source": "Wikidata Q3574841 ; Wikipedia (Zarat)", "photo": "img/Zarat-le_port.jpg", "photo_credit": "Ghr, CC BY-SA 3.0, Wikimedia Commons", "a_voir": "Localite côtière au sud de Gabes, dotée d'un port de peche.", "conseil": "Ambiance de petit port ; intérêt surtout local.", "photo_source": "https://commons.wikimedia.org/wiki/File:Zarat-le%20port.JPG", "vkey": "zarat-c6e74c"}}, {"type": "Feature", "geometry": {"type": "Point", "coordinates": [10.1167, 33.8833]}, "properties": {"nom": "Bataille de l'oued Akarit", "gouvernorat": "Gabès", "type": "evenement", "epoque": "Seconde Guerre mondiale (avril 1943)", "description": "Bataille de la campagne de Tunisie le long de l'oued Akarit, au nord de Gabes, dans le passage entre mer et chotts.", "source": "Wikidata Q4872704 ; Wikipedia (Battle of Wadi Akarit)", "photo": "img/Tunisia30Janto10Apr1943.jpg", "photo_credit": "Military Army, Public domain, Wikimedia Commons", "a_voir": "Lieu de mémoire de la bataille d'avril 1943, dans le passage entre mer et chotts au nord de Gabes.", "conseil": "Site de mémoire sans amenagement notable : intérêt surtout historique.", "photo_source": "https://commons.wikimedia.org/wiki/File:Tunisia30Janto10Apr1943.jpg", "vkey": "bataille-de-l-oued-akarit-ff75c1"}}, {"type": "Feature", "geometry": {"type": "Point", "coordinates": [10.058799, 33.907536]}, "properties": {"nom": "Bouchemma", "gouvernorat": "Gabès", "type": "ville", "epoque": "Contemporain", "description": "Localite et commune du gouvernorat de Gabes (Gabes Ouest), dans l'oasis de Gabes.", "source": "Wikidata Q12199937 ; Wikipedia (Bouchemma)", "photo": "", "photo_credit": "", "a_voir": "Localite de l'oasis de Gabes (Gabes Ouest).", "conseil": "Etape oasienne tranquille ; peu d'intérêt touristique majeur.", "vkey": "bouchemma-b67e10"}}, {"type": "Feature", "geometry": {"type": "Point", "coordinates": [8.952778, 34.337222]}, "properties": {"nom": "El Guettar", "gouvernorat": "Gafsa", "type": "ville", "epoque": "Prehistorique / contemporain", "description": "Ville-oasis au sud-est de Gafsa, célèbre pour l'Hermaion d'El Guettar (mousterien/aterien) et la bataille d'El Guettar (1943).", "source": "Wikidata Q2705113 ; Wikipedia (El Guettar)", "photo": "img/El_Guettar__1_.jpg", "photo_credit": "TOUMOU, CC BY-SA 4.0, Wikimedia Commons", "a_voir": "Ville-oasis célèbre pour l'Hermaion d'El Guettar (mousterien/aterien) et la bataille de 1943.", "conseil": "Le contexte préhistorique se comprend mieux via le musée de Gafsa proche.", "photo_source": "https://commons.wikimedia.org/wiki/File:El%20Guettar%20%281%29.jpg", "vkey": "el-guettar-fc8359"}}, {"type": "Feature", "geometry": {"type": "Point", "coordinates": [8.401389, 34.319444]}, "properties": {"nom": "Metlaoui", "gouvernorat": "Gafsa", "type": "ville", "epoque": "Contemporain (XXe s.)", "description": "Ville minière du bassin de Gafsa (phosphate), point de depart du train Lezard Rouge vers les gorges de Selja.", "source": "Wikidata Q983673 ; Wikipedia (Métlaoui)", "photo": "img/Metlaoui_2020_06.jpg", "photo_credit": "Houss 2020, CC BY-SA 4.0, Wikimedia Commons", "a_voir": "Ville minière du bassin de Gafsa, point de depart du train Lezard Rouge vers les gorges de Selja.", "conseil": "Reservez le Lezard Rouge a l'avance ; eau indispensable l'été.", "photo_source": "https://commons.wikimedia.org/wiki/File:Metlaoui%202020%2006.jpg", "vkey": "metlaoui-cb26ba"}}, {"type": "Feature", "geometry": {"type": "Point", "coordinates": [8.15, 34.383]}, "properties": {"nom": "Redeyef", "gouvernorat": "Gafsa", "type": "ville", "epoque": "Contemporain (XXe s.)", "description": "Ville minière de phosphate du bassin de Gafsa, foyer du mouvement social de 2008.", "source": "Wikidata Q2734177 ; Wikipedia (Redeyef)", "photo": "img/Vista_Redeyef.jpg", "photo_credit": "Wikigab, Public domain, Wikimedia Commons", "a_voir": "Ville minière de phosphate du bassin de Gafsa, foyer du mouvement social de 2008.", "conseil": "Intérêt surtout historique et social ; etape sur la ligne du Lezard Rouge.", "photo_source": "https://commons.wikimedia.org/wiki/File:Vista%20Redeyef.jpg", "vkey": "redeyef-949501"}}, {"type": "Feature", "geometry": {"type": "Point", "coordinates": [8.267, 34.483]}, "properties": {"nom": "Moulares (Oum El Araies)", "gouvernorat": "Gafsa", "type": "ville", "epoque": "Contemporain (XXe s.)", "description": "Ville minière de phosphate (Oum El Araies) a ~50 km de Gafsa, près de la frontière algerienne.", "source": "Wikidata Q642846 ; Wikipedia (Moularès)", "photo": "img/Cyper_parc_Moulares.jpg", "photo_credit": "Abidi Haythem, CC BY-SA 4.0, Wikimedia Commons", "a_voir": "Ville minière de phosphate a une cinquantaine de km de Gafsa, près de la frontière algerienne.", "conseil": "Localite industrielle : intérêt touristique limite.", "photo_source": "https://commons.wikimedia.org/wiki/File:Cyper%20parc%20Moulares.jpg", "vkey": "moulares-oum-el-araies-558920"}}, {"type": "Feature", "geometry": {"type": "Point", "coordinates": [8.752624, 34.290955]}, "properties": {"nom": "Mdhilla", "gouvernorat": "Gafsa", "type": "ville", "epoque": "Contemporain (XXe s.)", "description": "Ville minière de phosphate du gouvernorat de Gafsa (usine de la CPG).", "source": "Wikidata Q303935 ; Wikipedia (Mdhilla)", "photo": "", "photo_credit": "", "a_voir": "Ville minière de phosphate du gouvernorat de Gafsa, avec l'usine de la CPG.", "conseil": "Cité industrielle : peu d'intérêt pour le visiteur.", "vkey": "mdhilla-16009a"}}, {"type": "Feature", "geometry": {"type": "Point", "coordinates": [9.264167, 34.462778]}, "properties": {"nom": "Sened", "gouvernorat": "Gafsa", "type": "ville", "epoque": "Ancienne / contemporaine", "description": "Village et chef-lieu de délégation a ~50 km a l'est de Gafsa, connu pour son ancien parler berbère.", "source": "Wikidata Q2736042 ; Wikipedia (Sened)", "photo": "", "photo_credit": "", "a_voir": "Village a une cinquantaine de km a l'est de Gafsa, connu pour son ancien parler berbère.", "conseil": "Halte tranquille ; intérêt surtout culturel et linguistique.", "vkey": "sened-99fe43"}}, {"type": "Feature", "geometry": {"type": "Point", "coordinates": [9.1922, 34.345375]}, "properties": {"nom": "Belkhir", "gouvernorat": "Gafsa", "type": "ville", "epoque": "Contemporain", "description": "Localite et chef-lieu de délégation du gouvernorat de Gafsa.", "source": "Wikidata Q11908927 ; Wikipedia (Belkhir)", "photo": "", "photo_credit": "", "a_voir": "Chef-lieu de délégation du gouvernorat de Gafsa.", "conseil": "Localite de passage : peu d'intérêt touristique majeur.", "vkey": "belkhir-5d6eea"}}, {"type": "Feature", "geometry": {"type": "Point", "coordinates": [8.784033, 34.731906]}, "properties": {"nom": "Sidi Aich", "gouvernorat": "Gafsa", "type": "ville", "epoque": "Contemporain", "description": "Localite et chef-lieu de délégation au nord de Gafsa, région de reliefs et d'oasis de montagne.", "source": "Wikidata Q11949712 ; Wikipedia (Sidi Aïch)", "photo": "", "photo_credit": "", "a_voir": "Localite au nord de Gafsa, dans une région de reliefs et d'oasis de montagne.", "conseil": "Point de depart possible vers les oasis de montagne environnantes.", "vkey": "sidi-aich-4334f7"}}, {"type": "Feature", "geometry": {"type": "Point", "coordinates": [8.22028, 33.98583]}, "properties": {"nom": "Degache", "gouvernorat": "Tozeur", "type": "ville", "epoque": "Oasis traditionnelle", "description": "Ville-oasis du Jerid au nord de Tozeur, en bordure du Chott el-Jerid (deglet nour).", "source": "Wikidata Q2499386 ; Wikipedia (Degache)", "photo": "img/Awlad_M_jid_-_mesquita_2.jpg", "photo_credit": "CarlesVA on ca.wikipedia or eo.wikipedia, Public domain, Wikimedia Commons", "a_voir": "Ville-oasis du Jerid en bordure du Chott el-Jerid, réputée pour ses dattes deglet nour.", "conseil": "Etape vers le chott ; promenade dans la palmeraie aux heures fraiches.", "photo_source": "https://commons.wikimedia.org/wiki/File:Awlad%20M%C3%A0jid%20-%20mesquita%202.jpg", "vkey": "degache-0b8890"}}, {"type": "Feature", "geometry": {"type": "Point", "coordinates": [7.60034, 33.7385]}, "properties": {"nom": "Hazoua", "gouvernorat": "Tozeur", "type": "ville", "epoque": "Oasis frontaliere", "description": "Petite ville-oasis du gouvernorat de Tozeur, proche de la frontière algerienne.", "source": "Wikidata Q4119790 ; Wikipedia (Hazoua)", "photo": "", "photo_credit": "", "a_voir": "Petite ville-oasis proche de la frontière algerienne, dans le gouvernorat de Tozeur.", "conseil": "Localite frontaliere reculee : prevoyez eau et carburant.", "vkey": "hazoua-7edb48"}}, {"type": "Feature", "geometry": {"type": "Point", "coordinates": [8.840556, 33.579167]}, "properties": {"nom": "Blidet", "gouvernorat": "Kébili", "type": "ville", "epoque": "Oasis traditionnelle", "description": "Village oasien du gouvernorat de Kebili, région des oasis du Nefzaoua.", "source": "Wikidata Q2889161 ; Wikipedia (Blidet)", "photo": "", "photo_credit": "", "a_voir": "Village oasien du Nefzaoua, dans la région des oasis de Kebili.", "conseil": "Halte oasienne paisible ; ombre des palmiers bienvenue l'été.", "vkey": "blidet-caec9a"}}, {"type": "Feature", "geometry": {"type": "Point", "coordinates": [9.01, 33.57]}, "properties": {"nom": "Jemna", "gouvernorat": "Kébili", "type": "ville", "epoque": "Oasis traditionnelle", "description": "Bourg oasien du Nefzaoua, repute pour ses sources et sa production de dattes ; vieille mosquée a bibliotheque ancienne.", "source": "Wikidata Q3176970 ; Wikipedia (Djemna)", "photo": "", "photo_credit": "", "a_voir": "Bourg oasien du Nefzaoua repute pour ses sources et ses dattes, avec une vieille mosquée a bibliotheque ancienne.", "conseil": "Promenade dans la palmeraie ; chaleur intense l'été.", "vkey": "jemna-bc3cce"}}, {"type": "Feature", "geometry": {"type": "Point", "coordinates": [8.91806, 33.4381]}, "properties": {"nom": "Zaafrane", "gouvernorat": "Kébili", "type": "ville", "epoque": "Oasis saharienne", "description": "Village oasien du gouvernorat de Kebili, porte d'acces au Grand Erg Oriental, centre des nomades Adhara.", "source": "Wikidata Q8063393 ; Wikipedia (Zaafrane)", "photo": "", "photo_credit": "", "a_voir": "Village oasien, porte d'acces au Grand Erg Oriental et centre des nomades Adhara.", "conseil": "Depart d'excursions dans les dunes : 4x4 ou meharee au lever/coucher du soleil.", "vkey": "zaafrane-6797e3"}}, {"type": "Feature", "geometry": {"type": "Point", "coordinates": [8.746, 33.353]}, "properties": {"nom": "Sabria", "gouvernorat": "Kébili", "type": "ville", "epoque": "Oasis saharienne", "description": "Village-oasis du gouvernorat de Kebili niche parmi les premieres grandes dunes, a ~30 km de Douz.", "source": "Wikidata Q2912525 ; Wikipedia (Sabria)", "photo": "", "photo_credit": "", "a_voir": "Village-oasis niche parmi les premieres grandes dunes, a une trentaine de km de Douz.", "conseil": "Cadre saharien : venez admirer les dunes en lumière rasante du matin ou du soir.", "vkey": "sabria-8c24f2"}}, {"type": "Feature", "geometry": {"type": "Point", "coordinates": [8.670556, 33.358889]}, "properties": {"nom": "El Faouar", "gouvernorat": "Kébili", "type": "ville", "epoque": "Moderne", "description": "Ville et chef-lieu de délégation du gouvernorat de Kebili, localite oasienne saharienne.", "source": "Wikidata Q42380322 ; Wikipedia (Faouar)", "photo": "", "photo_credit": "", "a_voir": "Ville oasienne saharienne, chef-lieu de délégation du gouvernorat de Kebili.", "conseil": "Point de depart vers le désert ; chaleur extrême l'été, partez tot.", "vkey": "el-faouar-461f95"}}, {"type": "Feature", "geometry": {"type": "Point", "coordinates": [8.793, 33.788]}, "properties": {"nom": "Souk Lahad", "gouvernorat": "Kébili", "type": "ville", "epoque": "Contemporain", "description": "Ville-oasis et chef-lieu de délégation du Nefzaoua, a ~15 km au nord-ouest de Kebili, en bordure du Chott el-Jerid.", "source": "Wikidata Q3051223 ; Wikipedia (Souk Lahad)", "photo": "img/Monument_at_eastern_entry_to_Souk_Lahad.jpg", "photo_credit": "Largoplazo, CC BY-SA 3.0, Wikimedia Commons", "a_voir": "Ville-oasis du Nefzaoua en bordure du Chott el-Jerid, a une quinzaine de km de Kebili.", "conseil": "Etape oasienne ; combinez avec une traversee du chott.", "photo_source": "https://commons.wikimedia.org/wiki/File:Monument%20at%20eastern%20entry%20to%20Souk%20Lahad.jpg", "vkey": "souk-lahad-71d6ed"}}, {"type": "Feature", "geometry": {"type": "Point", "coordinates": [8.919167, 33.716667]}, "properties": {"nom": "Telmine", "gouvernorat": "Kébili", "type": "ville", "epoque": "Contemporain", "description": "Village de Kebili Nord en bordure du Chott el-Jerid, proche du site antique de Turris Tamalleni.", "source": "Wikidata Q565322 ; Wikipedia (Telmine)", "photo": "", "photo_credit": "", "a_voir": "Village en bordure du Chott el-Jerid, proche du site antique de Turris Tamalleni.", "conseil": "A coupler avec la visite des vestiges de Turris Tamalleni voisins.", "vkey": "telmine-8d9ce2"}}, {"type": "Feature", "geometry": {"type": "Point", "coordinates": [8.920657, 33.716724]}, "properties": {"nom": "Turris Tamalleni (Telmine)", "gouvernorat": "Kébili", "type": "ville", "epoque": "Romain", "description": "Site antique près de Telmine, extremite occidentale du Limes Tripolitanus : fort romain puis municipe sous Hadrien, centre des Nybgenii.", "source": "Wikidata Q15851743 ; Wikipedia (Turris Tamalleni)", "photo": "", "photo_credit": "", "a_voir": "Site antique a l'extremite occidentale du limes : fort romain puis municipe sous Hadrien, centre des Nybgenii.", "conseil": "Vestiges modestes a ciel ouvert : un guide aide a les interpreter ; eau et chapeau.", "vkey": "turris-tamalleni-telmine-7b19ec"}}, {"type": "Feature", "geometry": {"type": "Point", "coordinates": [8.75305556, 33.79472222]}, "properties": {"nom": "Fatnassa", "gouvernorat": "Kébili", "type": "ville", "epoque": "Contemporain", "description": "Village-oasis de la délégation de Souk Lahad, rive sud du Chott el-Jerid.", "source": "Wikidata Q5437930 ; Wikipedia (Fatnassa)", "photo": "", "photo_credit": "", "a_voir": "Village-oasis de la rive sud du Chott el-Jerid, dans la délégation de Souk Lahad.", "conseil": "Halte oasienne tranquille ; ombre des palmiers appreciable l'été.", "vkey": "fatnassa-012923"}}, {"type": "Feature", "geometry": {"type": "Point", "coordinates": [9.800389, 33.216139]}, "properties": {"nom": "Centenarium Tibubuci (Ksar Tarcine)", "gouvernorat": "Kébili", "type": "ville", "epoque": "Romain (Bas-Empire, 297-305)", "description": "Fortin romain tardif en bordure du Grand Erg Oriental, élément du Limes Tripolitanus. Liste indicative UNESCO.", "source": "Wikidata Q1053530 ; Wikipedia (Centenarium Tibubuci)", "photo": "", "photo_credit": "", "a_voir": "Fortin romain tardif (vers 297-305) en bordure du Grand Erg Oriental, élément du limes ; en liste indicative UNESCO.", "conseil": "Acces par piste saharienne : 4x4 et guide indispensables, eau en quantite.", "vkey": "centenarium-tibubuci-ksar-tarcine-caed33"}}, {"type": "Feature", "geometry": {"type": "Point", "coordinates": [10.179645, 37.167567]}, "properties": {"nom": "Bordj Lazarit (Ghar el Melh)", "gouvernorat": "Bizerte", "type": "ville", "epoque": "Ottoman (XVIIe s.)", "description": "Fort ottoman de Ghar el Melh, l'un des trois bordjs près de l'ancien port de Porto Farina.", "source": "Wikidata Q42604373 ; Wikipedia (Ghar el Melh)", "photo": "img/Fa_ade_du_fort.jpg", "photo_credit": "Cheima fezzani, CC BY-SA 4.0, Wikimedia Commons", "a_voir": "Le troisième des forts ottomans du XVIIe siècle de Ghar el Melh, près de l'ancien port de Porto Farina.", "conseil": "Complète la découverte des trois bordjs ; prévoir une demi-journée pour l'ensemble du site et la lagune.", "photo_source": "https://commons.wikimedia.org/wiki/File:Fa%C3%A7ade%20du%20fort.JPG", "vkey": "bordj-lazarit-ghar-el-melh-f6f660"}}, {"type": "Feature", "geometry": {"type": "Point", "coordinates": [9.87528, 37.2678]}, "properties": {"nom": "Pont mobile de Bizerte", "gouvernorat": "Bizerte", "type": "ville", "epoque": "XXe siecle (1980)", "description": "Pont basculant emblématique franchissant le canal de Bizerte, reliant la ville a Zarzouna.", "source": "Wikidata Q3397563 ; Wikipedia (Pont mobile de Bizerte)", "photo": "img/BridgeofBizerte.jpg", "photo_credit": "Rais58, CC BY 2.0, Wikimedia Commons", "a_voir": "Le pont basculant de 1980 franchissant le canal de Bizerte, reliant la ville à Zarzouna, élément emblématique du paysage urbain.", "conseil": "Curiosité à observer depuis les quais, notamment lors d'une levée pour le passage des navires.", "photo_source": "https://commons.wikimedia.org/wiki/File:BridgeofBizerte.jpg", "vkey": "pont-mobile-de-bizerte-cb1a24"}}, {"type": "Feature", "geometry": {"type": "Point", "coordinates": [9.8730745, 37.2756655]}, "properties": {"nom": "Mosquée Rebaa (Bizerte)", "gouvernorat": "Bizerte", "type": "ville", "epoque": "Ottoman", "description": "Mosquée historique de la médina de Bizerte.", "source": "Wikidata Q135116774", "photo": "", "photo_credit": "", "a_voir": "Mosquée historique d'époque ottomane au cœur de la médina de Bizerte.", "conseil": "Tenue correcte exigée ; à voir au fil d'une promenade dans la médina, sans détour dédié.", "vkey": "mosquee-rebaa-bizerte-5bdb17"}}, {"type": "Feature", "geometry": {"type": "Point", "coordinates": [10.123458, 37.215889]}, "properties": {"nom": "Zaouïa Sidi El Arbi (Ras Jebel)", "gouvernorat": "Bizerte", "type": "ville", "epoque": "Ottoman", "description": "Zaouïa et mausolée a Ras Jebel, lieu de devotion locale.", "source": "Wikidata Q42604684", "photo": "img/Zaouia_de_sidi_El_Arbi_Ben_Hammou_09.jpg", "photo_credit": "Chelly nabil, CC BY-SA 4.0, Wikimedia Commons", "a_voir": "La zaouïa et le mausolée de Sidi El Arbi à Ras Jebel, lieu de dévotion locale.", "conseil": "Petit site de piété : visite brève, à combiner avec les villages andalous de la côte (Raf Raf, Metline).", "photo_source": "https://commons.wikimedia.org/wiki/File:Zaouia%20de%20sidi%20El%20Arbi%20Ben%20Hammou%2009.JPG", "vkey": "zaouia-sidi-el-arbi-ras-jebel-fa8f22"}}, {"type": "Feature", "geometry": {"type": "Point", "coordinates": [9.877002, 37.278186]}, "properties": {"nom": "Musée oceanographique de Bizerte", "gouvernorat": "Bizerte", "type": "ville", "epoque": "XXe siecle", "description": "Musée de la faune et flore marines, près du vieux port de Bizerte.", "source": "Wikidata Q47159150", "photo": "", "photo_credit": "", "horaires": "Musée — ouvert en journée (fermeture hebdomadaire possible) ; horaires à vérifier sur place.", "a_voir": "Les collections de faune et de flore marines de la Méditerranée, présentées près du vieux port.", "conseil": "Visite courte et abritée, idéale par mauvais temps ; à associer à la promenade du vieux port.", "vkey": "musee-oceanographique-de-bizerte-739158"}}, {"type": "Feature", "geometry": {"type": "Point", "coordinates": [10.058552, 37.052067]}, "properties": {"nom": "Musée national d'Utique", "gouvernorat": "Bizerte", "type": "ville", "epoque": "XXe siecle", "description": "Musée archéologique des vestiges puniques et romains du site d'Utique.", "source": "Wikidata Q3330675 ; Wikipedia (Musee national d'Utique)", "photo": "img/Tunis_Utique_Mus_e.jpg", "photo_credit": "Rais67, Public domain, Wikimedia Commons", "horaires": "Musée — ouvert en journée (fermeture hebdomadaire possible) ; horaires à vérifier sur place.", "a_voir": "Les collections archéologiques puniques et romaines issues du site d'Utique : objets, statuaire et mosaïques.", "conseil": "À visiter juste avant ou après le site d'Utique tout proche ; prévoir environ 1h.", "photo_source": "https://commons.wikimedia.org/wiki/File:Tunis%20Utique%20Mus%C3%A9e.JPG", "vkey": "musee-national-d-utique-0a46a6"}}, {"type": "Feature", "geometry": {"type": "Point", "coordinates": [9.692613, 37.138342]}, "properties": {"nom": "Écomusée de l'Ichkeul", "gouvernorat": "Bizerte", "type": "ville", "epoque": "Contemporain", "description": "Écomusée du parc national de l'Ichkeul (faune, flore, geologie), au pied du djebel Ichkeul.", "source": "Wikidata Q95491290", "photo": "img/Ichkeul_elmezyena_47.jpg", "photo_credit": "Kalechnizar, CC BY-SA 3.0, Wikimedia Commons", "horaires": "Musée — ouvert en journée (fermeture hebdomadaire possible) ; horaires à vérifier sur place.", "a_voir": "Les présentations sur la faune, la flore et la géologie du parc national de l'Ichkeul, au pied du djebel Ichkeul.", "conseil": "Point de départ idéal de la visite du parc ; commencer ici pour comprendre le site avant de monter sur le djebel.", "photo_source": "https://commons.wikimedia.org/wiki/File:Ichkeul%20elmezyena%2047.jpg", "vkey": "ecomusee-de-l-ichkeul-cd345c"}}, {"type": "Feature", "geometry": {"type": "Point", "coordinates": [10.062258, 37.056528]}, "properties": {"nom": "Maison de la cascade (Utique)", "gouvernorat": "Bizerte", "type": "ville", "epoque": "Romain", "description": "Domus romaine du site d'Utique, ornée de mosaïques et d'un bassin.", "source": "Wikidata Q5915586 ; Wikipedia (Maison de la cascade)", "photo": "img/Les_ruines_d_Utique_11.jpg", "photo_credit": "Noomen9, CC BY-SA 4.0, Wikimedia Commons", "a_voir": "La domus romaine ornée de mosaïques et dotée d'un bassin, l'un des plus beaux ensembles résidentiels du site d'Utique.", "conseil": "Incluse dans la visite du site d'Utique ; observer les mosaïques en place autour du bassin.", "photo_source": "https://commons.wikimedia.org/wiki/File:Les%20ruines%20d%27Utique%2011.jpg", "vkey": "maison-de-la-cascade-utique-67ff26"}}, {"type": "Feature", "geometry": {"type": "Point", "coordinates": [9.8635556, 37.2675806]}, "properties": {"nom": "Église Saint-Alexandre-Nevski de Bizerte", "gouvernorat": "Bizerte", "type": "ville", "epoque": "XXe siecle (1939)", "description": "Église orthodoxe russe de Bizerte, bâtie par les marins de l'escadre russe refugies après 1920.", "source": "Wikidata Q3580827 ; Wikipedia (Eglise Saint-Alexandre-Nevski de Bizerte)", "photo": "img/_glise_Saint-Alexandre-Nevski_de_Bizerte.jpg", "photo_credit": "khaled abdelmoumen, CC BY 2.0, Wikimedia Commons", "a_voir": "L'église orthodoxe russe de 1939, bâtie par les marins de l'escadre russe réfugiés à Bizerte après 1920.", "conseil": "Petit édifice singulier en ville ; visite brève, à intégrer à une découverte du centre de Bizerte.", "photo_source": "https://commons.wikimedia.org/wiki/File:%C3%89glise%20Saint-Alexandre-Nevski%20de%20Bizerte.jpg", "vkey": "eglise-saint-alexandre-nevski-de-bizerte-20020e"}}, {"type": "Feature", "geometry": {"type": "Point", "coordinates": [9.238214, 37.05641]}, "properties": {"nom": "Sejnane", "gouvernorat": "Bizerte", "type": "ville", "epoque": "Tradition berbere", "description": "Ville rurale connue pour sa poterie modelee a la main par les femmes, inscrite au patrimoine immateriel UNESCO en 2018.", "source": "Wikidata Q2720033 ; Wikipedia (Sejnane)", "photo": "", "photo_credit": "", "a_voir": "Le savoir-faire de la poterie modelée à la main par les femmes, inscrit au patrimoine immatériel de l'UNESCO en 2018, et l'ambiance rurale de la ville.", "conseil": "Chercher les potières et coopératives pour voir et acheter les céramiques typiques ; à combiner avec les zones humides voisines.", "vkey": "sejnane-14f8f1"}}, {"type": "Feature", "geometry": {"type": "Point", "coordinates": [10.183611, 37.190556]}, "properties": {"nom": "Raf Raf", "gouvernorat": "Bizerte", "type": "ville", "epoque": "Patrimoine andalou", "description": "Localite côtière célèbre pour sa plage et son héritage andalou, face a l'ile Pilau.", "source": "Wikidata Q2126934 ; Wikipedia (Raf Raf)", "photo": "img/MainStreetRafRaf.jpg", "photo_credit": "Citizen59, CC BY-SA 3.0, Wikimedia Commons", "a_voir": "La grande plage face à l'île Pilau et l'héritage andalou de la localité côtière.", "conseil": "Surtout une étape balnéaire : préférer la belle saison et combiner avec le cap Sidi Ali El Mekki tout proche.", "photo_source": "https://commons.wikimedia.org/wiki/File:MainStreetRafRaf.JPG", "vkey": "raf-raf-eadf6d"}}, {"type": "Feature", "geometry": {"type": "Point", "coordinates": [10.049829, 37.245396]}, "properties": {"nom": "Metline", "gouvernorat": "Bizerte", "type": "ville", "epoque": "Patrimoine andalou", "description": "Village côtier d'origine andalouse au nord-est de Bizerte (patrimoine maritime et viticole).", "source": "Wikidata Q3307409 ; Wikipedia (Metline)", "photo": "img/Vue_Metline.jpg", "photo_credit": "Hafedh Hamza, Attribution, Wikimedia Commons", "a_voir": "Le village côtier d'origine andalouse au nord-est de Bizerte, son patrimoine maritime et viticole.", "conseil": "Halte tranquille à associer à Raf Raf et aux autres villages andalous de la côte.", "photo_source": "https://commons.wikimedia.org/wiki/File:Vue%20Metline.JPG", "vkey": "metline-f099d2"}}, {"type": "Feature", "geometry": {"type": "Point", "coordinates": [10.033333, 37.166667]}, "properties": {"nom": "El Alia", "gouvernorat": "Bizerte", "type": "ville", "epoque": "Patrimoine andalou", "description": "Ville d'origine andalouse réputée pour son artisanat de la chechia et ses traditions textiles.", "source": "Wikidata Q3049704 ; Wikipedia (El Alia)", "photo": "img/Ville_d_El_Alia_et_l_autoroute_A4.jpg", "photo_credit": "T A, CC BY-SA 2.0, Wikimedia Commons", "a_voir": "La ville andalouse réputée pour son artisanat de la chechia et ses traditions textiles.", "conseil": "Découvrir les ateliers de chechia ; visite courte, à combiner avec les autres bourgs andalous de la région.", "photo_source": "https://commons.wikimedia.org/wiki/File:Ville%20d%27El%20Alia%20et%20l%27autoroute%20A4.jpg", "vkey": "el-alia-7807f1"}}, {"type": "Feature", "geometry": {"type": "Point", "coordinates": [9.182338, 36.726127]}, "properties": {"nom": "Petite Mosquée de Beja", "gouvernorat": "Béja", "type": "ville", "epoque": "Islamique medieval", "description": "Mosquée historique de la médina de Beja, plus modeste que la Grande Mosquée.", "source": "Wikidata Q12204367 ; Wikipedia (Petite mosquee de Beja)", "photo": "img/Grande_mosqu_e_B_ja.jpg", "photo_credit": "Hn Khaoula, CC BY-SA 4.0, Wikimedia Commons", "a_voir": "Mosquée historique plus modeste que la Grande Mosquée, au cœur de la médina de Béja.", "conseil": "À voir au passage lors d'une promenade dans la médina ; tenue correcte exigée.", "photo_source": "https://commons.wikimedia.org/wiki/File:Grande%20mosqu%C3%A9e%20B%C3%A9ja.JPG", "vkey": "petite-mosquee-de-beja-8e303d"}}, {"type": "Feature", "geometry": {"type": "Point", "coordinates": [9.184965, 36.724006]}, "properties": {"nom": "Église Notre-Dame-du-Rosaire de Beja", "gouvernorat": "Béja", "type": "ville", "epoque": "Colonial (XXe s.)", "description": "Église catholique construite a l'époque du protectorat a Beja.", "source": "Wikidata Q23721319 ; Wikipedia (Eglise Notre-Dame-du-Rosaire de Beja)", "photo": "img/Eglise_Notre_Dame_du_Rosaire.jpg", "photo_credit": "Nidhal Bechrifa, CC BY-SA 4.0, Wikimedia Commons", "a_voir": "L'église catholique construite à l'époque du protectorat, témoin du patrimoine colonial de Béja.", "conseil": "Bref arrêt dans le centre-ville, à intégrer à la découverte de Béja.", "photo_source": "https://commons.wikimedia.org/wiki/File:Eglise%20Notre%20Dame%20du%20Rosaire.JPG", "vkey": "eglise-notre-dame-du-rosaire-de-beja-a592b5"}}, {"type": "Feature", "geometry": {"type": "Point", "coordinates": [9.54003, 36.711738]}, "properties": {"nom": "Chaouach (Sua)", "gouvernorat": "Béja", "type": "ville", "epoque": "Romain / Byzantin", "description": "Village perche de l'antique Sua, domine par une forteresse byzantine, vestiges romains et chrétiens. Au nord de Teboursouk.", "source": "Wikidata Q30589918 ; Wikipedia (Chaouach)", "photo": "", "photo_credit": "", "a_voir": "Le village perché de l'antique Sua dominé par une forteresse byzantine, avec des vestiges romains et chrétiens.", "conseil": "Route de montagne au nord de Teboursouk : combiner avec Toukabeur voisin ; bonnes chaussures pour la montée.", "vkey": "chaouach-sua-30ae74"}}, {"type": "Feature", "geometry": {"type": "Point", "coordinates": [9.516666666, 36.7]}, "properties": {"nom": "Toukabeur (Thuccabor)", "gouvernorat": "Béja", "type": "ville", "epoque": "Romain / Medieval", "description": "Village perche sur l'antique Thuccabor, vestiges romains et mosquée ancienne. Ensemble patrimonial avec Chaouach.", "source": "Wikidata Q30591183 ; Wikipedia (Toukabeur)", "photo": "", "photo_credit": "", "a_voir": "Le village perché sur l'antique Thuccabor, ses vestiges romains et sa mosquée ancienne, en duo patrimonial avec Chaouach.", "conseil": "À enchaîner avec Chaouach dans la même excursion ; prévoir un véhicule pour les routes de crête.", "vkey": "toukabeur-thuccabor-035d54"}}, {"type": "Feature", "geometry": {"type": "Point", "coordinates": [9.249973, 36.456325]}, "properties": {"nom": "Teboursouk", "gouvernorat": "Béja", "type": "ville", "epoque": "Romain / Medieval", "description": "Ville historique de l'antique Thubursicum Bure (médina, kasbah, remparts), porte d'acces a Dougga.", "source": "Wikidata Q1890362 ; Wikipedia (Teboursouk)", "photo": "img/Teboursouk_vue_du_cimiti_re.jpg", "photo_credit": "Dabank, FAL, Wikimedia Commons", "a_voir": "La ville historique de l'antique Thubursicum Bure : médina, kasbah et remparts, porte d'accès à Dougga.", "conseil": "Étape pratique avant ou après Dougga ; en faire un point d'arrêt pour les services et la médina.", "photo_source": "https://commons.wikimedia.org/wiki/File:Teboursouk%20vue%20du%20cimiti%C3%A8re.JPG", "vkey": "teboursouk-2d2bdc"}}, {"type": "Feature", "geometry": {"type": "Point", "coordinates": [9.24367, 36.458838]}, "properties": {"nom": "Musée de Teboursouk", "gouvernorat": "Béja", "type": "ville", "epoque": "Contemporain", "description": "Musée archéologique de collections des sites antiques de la région, notamment Dougga.", "source": "Wikidata Q3329759", "photo": "", "photo_credit": "", "horaires": "Musée — ouvert en journée (fermeture hebdomadaire possible) ; horaires à vérifier sur place.", "a_voir": "Les collections archéologiques issues des sites antiques de la région, notamment Dougga.", "conseil": "Petite visite complémentaire à celle de Dougga ; vérifier l'ouverture sur place.", "vkey": "musee-de-teboursouk-5cd238"}}, {"type": "Feature", "geometry": {"type": "Point", "coordinates": [9.438275, 36.551121]}, "properties": {"nom": "Mosquée de Bab Teboursouk (Testour)", "gouvernorat": "Béja", "type": "ville", "epoque": "Andalou (XVIIe s.)", "description": "Mosquée de Testour de style andalou, près de la porte de Teboursouk, héritage morisque.", "source": "Wikidata Q42605548", "photo": "", "photo_credit": "", "a_voir": "La mosquée de style andalou près de la porte de Teboursouk, héritage morisque de Testour.", "conseil": "À voir lors d'une promenade dans Testour, avec la Grande Mosquée andalouse ; tenue correcte exigée.", "vkey": "mosquee-de-bab-teboursouk-testour-f1531d"}}, {"type": "Feature", "geometry": {"type": "Point", "coordinates": [9.445436643, 36.551130678]}, "properties": {"nom": "Zaouïa Sidi Naceur (Testour)", "gouvernorat": "Béja", "type": "ville", "epoque": "Andalou / Ottoman", "description": "Zaouïa et mausolée du saint Sidi Naceur a Testour, héritage andalou.", "source": "Wikidata Q42605464", "photo": "img/Les_deux_coupoles_de_Zaouiet_Sidi_Naceur_Guerwachi.jpg", "photo_credit": "Ryadh Gharbi, CC BY-SA 4.0, Wikimedia Commons", "a_voir": "La zaouïa et le mausolée du saint Sidi Naceur, témoignage de l'héritage andalou de Testour.", "conseil": "Halte brève à associer aux autres monuments andalous de Testour.", "photo_source": "https://commons.wikimedia.org/wiki/File:Les%20deux%20coupoles%20de%20Zaouiet%20Sidi%20Naceur%20Guerwachi.jpg", "vkey": "zaouia-sidi-naceur-testour-b9a344"}}, {"type": "Feature", "geometry": {"type": "Point", "coordinates": [9.604166666, 36.643611111]}, "properties": {"nom": "Medjez el-Bab", "gouvernorat": "Béja", "type": "ville", "epoque": "Romain / Ottoman", "description": "Ville strategique sur la Medjerda, point de franchissement historique, haut lieu de la campagne de Tunisie (1942-1943).", "source": "Wikidata Q1153895 ; Wikipedia (Medjez el-Bab)", "photo": "img/__________.jpg", "photo_credit": "Aya nefzi, CC BY-SA 4.0, Wikimedia Commons", "a_voir": "La ville stratégique sur la Medjerda, son point de franchissement historique et les traces de la campagne de Tunisie de 1942-1943.", "conseil": "À combiner avec le pont ottoman et le mémorial du Commonwealth ; étape d'histoire militaire et fluviale.", "photo_source": "https://commons.wikimedia.org/wiki/File:%D9%85%D8%AC%D8%A7%D8%B2%20%D8%A7%D9%84%D8%A8%D8%A7%D8%A8.jpg", "vkey": "medjez-el-bab-41e10b"}}, {"type": "Feature", "geometry": {"type": "Point", "coordinates": [9.57061, 36.62691]}, "properties": {"nom": "Memorial de Medjez el-Bab", "gouvernorat": "Béja", "type": "ville", "epoque": "Seconde Guerre mondiale", "description": "Memorial du Commonwealth honorant les soldats disparus de la campagne de Tunisie sans sépulture connue.", "source": "Wikidata Q16933057 ; Wikipedia (Medjez-el-Bab Memorial)", "photo": "img/Cross_Medjez_el-Bab_War_Cemetery.jpg", "photo_credit": "Verity Cridland, CC BY 2.0, Wikimedia Commons", "a_voir": "Le mémorial du Commonwealth honorant les soldats disparus sans sépulture connue de la campagne de Tunisie.", "conseil": "Lieu de recueillement ; visite calme et courte, à associer au pont et à la ville de Medjez el-Bab.", "photo_source": "https://commons.wikimedia.org/wiki/File:Cross%20Medjez%20el-Bab%20War%20Cemetery.jpg", "vkey": "memorial-de-medjez-el-bab-11b101"}}, {"type": "Feature", "geometry": {"type": "Point", "coordinates": [9.080951, 36.975198]}, "properties": {"nom": "Nefza", "gouvernorat": "Béja", "type": "ville", "epoque": "Contemporain", "description": "Ville du nord-ouest du gouvernorat de Beja, région forestiere et montagneuse proche de la Kroumirie.", "source": "Wikidata Q3177403 ; Wikipedia (Nefza)", "photo": "img/GrandePlaceNefza.jpg", "photo_credit": "Citizen59, CC BY-SA 3.0, Wikimedia Commons", "a_voir": "Le cadre forestier et montagneux du nord-ouest du gouvernorat de Béja, aux portes de la Kroumirie.", "conseil": "Surtout une étape nature : à combiner avec le djebel Khroufa et les forêts environnantes au printemps.", "photo_source": "https://commons.wikimedia.org/wiki/File:GrandePlaceNefza.jpg", "vkey": "nefza-12d0b9"}}, {"type": "Feature", "geometry": {"type": "Point", "coordinates": [8.757, 36.558872]}, "properties": {"nom": "Théâtre de Bulla Regia", "gouvernorat": "Jendouba", "type": "ville", "epoque": "Romain", "description": "Théâtre romain du site archéologique de Bulla Regia, près de Jendouba.", "source": "Wikidata Q42755003", "photo": "img/Th__tre_Bulla_Regia.jpg", "photo_credit": "Pradigue, CC BY-SA 3.0, Wikimedia Commons", "a_voir": "Le théâtre romain du site de Bulla Regia, dont les gradins et l'orchestra sont encore lisibles.", "conseil": "Inclus dans la visite de Bulla Regia ; à voir en parcourant l'ensemble du site.", "photo_source": "https://commons.wikimedia.org/wiki/File:Th%C3%A9%C3%A2tre%20Bulla%20Regia.jpg", "vkey": "theatre-de-bulla-regia-13c97e"}}, {"type": "Feature", "geometry": {"type": "Point", "coordinates": [8.754365, 36.557589]}, "properties": {"nom": "Thermes de Julia Memmia (Bulla Regia)", "gouvernorat": "Jendouba", "type": "ville", "epoque": "Romain", "description": "Grands thermes publics de Bulla Regia (IIe s.), parmi les monuments les plus imposants de la cité.", "source": "Wikidata Q42610721", "photo": "img/Bulla_Regia_thermes_vus_antiquarium.jpg", "photo_credit": "Pradigue, CC BY-SA 3.0, Wikimedia Commons", "a_voir": "Les grands thermes publics du IIe siècle, parmi les monuments les plus imposants de Bulla Regia par leurs murs et voûtes conservés.", "conseil": "Point fort de la visite de Bulla Regia ; lever les yeux vers les hautes structures encore debout.", "photo_source": "https://commons.wikimedia.org/wiki/File:Bulla%20Regia%20thermes%20vus%20antiquarium.jpg", "vkey": "thermes-de-julia-memmia-bulla-regia-95e96b"}}, {"type": "Feature", "geometry": {"type": "Point", "coordinates": [8.753103, 36.561624]}, "properties": {"nom": "Maison d'Amphitrite (Bulla Regia)", "gouvernorat": "Jendouba", "type": "ville", "epoque": "Romain", "description": "Demeure souterraine de Bulla Regia, célèbre pour sa mosaïque d'Amphitrite. Architecture troglodytique.", "source": "Wikidata Q42610767", "photo": "img/Maison_Amphitrite.jpg", "photo_credit": "Gigi Sorrentino, CC BY-SA 3.0, Wikimedia Commons", "a_voir": "La demeure souterraine célèbre pour sa mosaïque d'Amphitrite restée en place, exemple remarquable de l'habitat troglodytique de Bulla Regia.", "conseil": "Descendre dans la pièce enterrée pour admirer la mosaïque, plus fraîche aux heures chaudes ; ne pas la manquer.", "photo_source": "https://commons.wikimedia.org/wiki/File:Maison%20Amphitrite.JPG", "vkey": "maison-d-amphitrite-bulla-regia-1f7415"}}, {"type": "Feature", "geometry": {"type": "Point", "coordinates": [8.753176, 36.560227]}, "properties": {"nom": "Maison de la chasse (Bulla Regia)", "gouvernorat": "Jendouba", "type": "ville", "epoque": "Romain", "description": "Demeure romaine semi-enterree de Bulla Regia, ornée de mosaïques, typique de l'habitat souterrain.", "source": "Wikidata Q42610827", "photo": "img/Villa_chasse_bulla_regia.jpg", "photo_credit": "Pradigue, CC BY-SA 3.0, Wikimedia Commons", "a_voir": "La demeure romaine semi-enterrée ornée de mosaïques, typique de l'habitat souterrain de Bulla Regia.", "conseil": "À enchaîner avec la maison d'Amphitrite voisine lors de la visite des villas souterraines.", "photo_source": "https://commons.wikimedia.org/wiki/File:Villa%20chasse%20bulla%20regia.jpg", "vkey": "maison-de-la-chasse-bulla-regia-a84c18"}}, {"type": "Feature", "geometry": {"type": "Point", "coordinates": [8.755843, 36.559832]}, "properties": {"nom": "Temple d'Apollon (Bulla Regia)", "gouvernorat": "Jendouba", "type": "ville", "epoque": "Romain", "description": "Temple romain dédié a Apollon a Bulla Regia, statues aujourd'hui au musée du Bardo.", "source": "Wikidata Q42610898", "photo": "img/Temple_Apollon_Bulla_regia.jpg", "photo_credit": "Pradigue, CC BY-SA 3.0, Wikimedia Commons", "a_voir": "Les vestiges du temple dédié à Apollon, dont les statues sont aujourd'hui conservées au musée du Bardo.", "conseil": "Étape dans le parcours de Bulla Regia ; pour les statues, prolonger la visite par le Bardo à Tunis.", "photo_source": "https://commons.wikimedia.org/wiki/File:Temple%20Apollon%20Bulla%20regia.jpg", "vkey": "temple-d-apollon-bulla-regia-7f908d"}}, {"type": "Feature", "geometry": {"type": "Point", "coordinates": [8.7545, 36.556552]}, "properties": {"nom": "Musée de Bulla Regia", "gouvernorat": "Jendouba", "type": "ville", "epoque": "Contemporain", "description": "Musée de site presentant objets et mosaïques des fouilles de Bulla Regia.", "source": "Wikidata Q3329710", "photo": "", "photo_credit": "", "horaires": "Musée — ouvert en journée (fermeture hebdomadaire possible) ; horaires à vérifier sur place.", "a_voir": "Les objets et mosaïques issus des fouilles de Bulla Regia, présentés dans le musée de site.", "conseil": "À visiter en complément du site archéologique ; prévoir une courte demi-heure.", "vkey": "musee-de-bulla-regia-37585f"}}, {"type": "Feature", "geometry": {"type": "Point", "coordinates": [8.571777, 36.491465]}, "properties": {"nom": "Théâtre de Chemtou (Simitthus)", "gouvernorat": "Jendouba", "type": "ville", "epoque": "Romain", "description": "Théâtre romain de l'antique Simitthus (Chemtou), sur la rive de la Medjerda.", "source": "Wikidata Q42754548", "photo": "img/Chimtou__r_misches_Theater.jpg", "photo_credit": "Daniela Gauss, CC BY-SA 3.0, Wikimedia Commons", "a_voir": "Le théâtre romain de l'antique Simitthus, sur la rive de la Medjerda.", "conseil": "Inclus dans la visite de Chemtou ; à parcourir avec les carrières et le musée.", "photo_source": "https://commons.wikimedia.org/wiki/File:Chimtou%2C%20r%C3%B6misches%20Theater.jpg", "vkey": "theatre-de-chemtou-simitthus-f55e3d"}}, {"type": "Feature", "geometry": {"type": "Point", "coordinates": [8.573472, 36.490568]}, "properties": {"nom": "Basilique de Chemtou", "gouvernorat": "Jendouba", "type": "ville", "epoque": "Romain", "description": "Basilique civile romaine de Simitthus, au cœur de la cité antique.", "source": "Wikidata Q42754328", "photo": "img/Chimtou__r_mische_Basilika.jpg", "photo_credit": "Daniela Gauss, CC BY-SA 3.0, Wikimedia Commons", "a_voir": "La basilique civile romaine au cœur de la cité antique de Simitthus.", "conseil": "Étape du parcours de Chemtou ; à associer au théâtre et au pont romain voisins.", "photo_source": "https://commons.wikimedia.org/wiki/File:Chimtou%2C%20r%C3%B6mische%20Basilika.jpg", "vkey": "basilique-de-chemtou-ef6f0d"}}, {"type": "Feature", "geometry": {"type": "Point", "coordinates": [8.57694444, 36.48972222]}, "properties": {"nom": "Musée de Chemtou", "gouvernorat": "Jendouba", "type": "ville", "epoque": "Contemporain", "description": "Musée archéologique du marbre numide et des vestiges de Simitthus (carrieres de marbre).", "source": "Wikidata Q163299 ; Wikipedia (Musee de Chemtou)", "photo": "img/Entr_e_du_mus_e_arch_ologique_de_Chemtou.jpg", "photo_credit": "DrFO.Jr.Tn, CC BY 3.0, Wikimedia Commons", "horaires": "Musée — ouvert en journée (fermeture hebdomadaire possible) ; horaires à vérifier sur place.", "a_voir": "Le musée consacré au marbre jaune numidique et aux vestiges de Simitthus, expliquant l'exploitation des carrières par Rome.", "conseil": "Commencer par le musée pour comprendre le site, puis parcourir les carrières ; à coupler avec Bulla Regia.", "photo_source": "https://commons.wikimedia.org/wiki/File:Entr%C3%A9e%20du%20mus%C3%A9e%20arch%C3%A9ologique%20de%20Chemtou.jpg", "vkey": "musee-de-chemtou-435f37"}}, {"type": "Feature", "geometry": {"type": "Point", "coordinates": [8.442349, 36.450491]}, "properties": {"nom": "Musée de la mémoire commune tuniso-algerienne (Ghardimaou)", "gouvernorat": "Jendouba", "type": "ville", "epoque": "Contemporain", "description": "Musée de Ghardimaou consacré a l'histoire commune tuniso-algerienne (lutte pour l'independance).", "source": "Wikidata Q54965883", "photo": "", "photo_credit": "", "horaires": "Musée — ouvert en journée (fermeture hebdomadaire possible) ; horaires à vérifier sur place.", "a_voir": "Les collections consacrées à l'histoire commune tuniso-algérienne et à la lutte pour l'indépendance, à Ghardimaou.", "conseil": "Visite à thème historique près de la frontière ; à combiner avec la réserve d'Ain Zana voisine.", "vkey": "musee-de-la-memoire-commune-tuniso-alger-b0a11c"}}, {"type": "Feature", "geometry": {"type": "Point", "coordinates": [8.86642, 36.95336]}, "properties": {"nom": "Cimetière militaire de Ras Rajel", "gouvernorat": "Jendouba", "type": "ville", "epoque": "Seconde Guerre mondiale", "description": "Cimetière militaire du Commonwealth près de Tabarka (soldats de la campagne de Tunisie).", "source": "Wikidata Q83697496", "photo": "img/Tabarka_Ras_Rajel_War_Cemetery_-_Entr_e.jpg", "photo_credit": "Credits to Mourad Ben Abdallah / Wikimedia Commons, CC BY-SA 4.0, Wikimedia Commons", "a_voir": "Le cimetière militaire du Commonwealth réunissant les soldats de la campagne de Tunisie, dans un cadre soigné près de Tabarka.", "conseil": "Lieu de mémoire paisible ; courte halte sur la route de Tabarka, à aborder avec respect.", "photo_source": "https://commons.wikimedia.org/wiki/File:Tabarka%20Ras%20Rajel%20War%20Cemetery%20-%20Entr%C3%A9e.jpg", "vkey": "cimetiere-militaire-de-ras-rajel-cf4de4"}}, {"type": "Feature", "geometry": {"type": "Point", "coordinates": [9.530301, 36.01617]}, "properties": {"nom": "Henchir-Bez", "gouvernorat": "Kairouan", "type": "ville", "epoque": "Antique (romaine)", "description": "Site archéologique antique (henchir) dans le nord-ouest du gouvernorat de Kairouan.", "source": "Wikidata Q30589750", "photo": "", "photo_credit": "", "a_voir": "Site archéologique antique (henchir) du nord-ouest du gouvernorat de Kairouan ; vestiges modestes.", "conseil": "Intérêt surtout archéologique : renseignez-vous localement sur l'acces.", "vkey": "henchir-bez-904271"}}, {"type": "Feature", "geometry": {"type": "Point", "coordinates": [9.91, 35.46]}, "properties": {"nom": "El Aouja (site de ceramique sigillée)", "gouvernorat": "Kairouan", "type": "ville", "epoque": "Antique (romaine)", "description": "Site archéologique antique connu comme lieu de découverte de ceramique sigillée.", "source": "Wikidata Q103161195", "photo": "", "photo_credit": "", "a_voir": "Site antique connu comme lieu de découverte de ceramique sigillée ; vestiges peu spectaculaires en surface.", "conseil": "A reserver aux passionnes d'archéologie.", "vkey": "el-aouja-site-de-ceramique-sigillee-494dc8"}}, {"type": "Feature", "geometry": {"type": "Point", "coordinates": [9.933707545, 35.266872752]}, "properties": {"nom": "Nécropole de Haouch Taacha", "gouvernorat": "Kairouan", "type": "ville", "epoque": "Romaine", "description": "Nécropole romaine dans le sud du gouvernorat de Kairouan.", "source": "Wikidata Q42759033", "photo": "img/N_cropole_Haouch_Ta_cha_by_H._Saladin.jpg", "photo_credit": "Henri Saladin, Public domain, Wikimedia Commons", "a_voir": "Nécropole romaine du sud du gouvernorat de Kairouan.", "conseil": "Site discret : prevoyez un accompagnement pour le reperer.", "photo_source": "https://commons.wikimedia.org/wiki/File:N%C3%A9cropole%20Haouch%20Ta%C3%A2cha%20by%20H.%20Saladin.jpg", "vkey": "necropole-de-haouch-taacha-d625c3"}}, {"type": "Feature", "geometry": {"type": "Point", "coordinates": [9.826183, 35.630583]}, "properties": {"nom": "Pont-aqueduc sur l'oued Cherchira", "gouvernorat": "Kairouan", "type": "route", "epoque": "Antique", "description": "Pont-aqueduc ancien franchissant l'oued Cherchira, près de Haffouz.", "source": "Wikidata Q42758015", "photo": "img/Pont_aqueduc_sur_l_oued_Cherchira_1.jpg", "photo_credit": "IssamBarhoumi, CC BY-SA 4.0, Wikimedia Commons", "a_voir": "Ouvrage hydraulique ancien franchissant l'oued Cherchira, près de Haffouz.", "conseil": "A voir en passant si vous parcourez la région de Haffouz.", "photo_source": "https://commons.wikimedia.org/wiki/File:Pont%20aqueduc%20sur%20l%27oued%20Cherchira%201.JPG", "vkey": "pont-aqueduc-sur-l-oued-cherchira-413301"}}, {"type": "Feature", "geometry": {"type": "Point", "coordinates": [9.516941402, 35.862751042]}, "properties": {"nom": "Pont romain sur l'oued Djilf", "gouvernorat": "Kairouan", "type": "route", "epoque": "Romaine", "description": "Pont romain franchissant l'oued Djilf, région d'Oueslatia.", "source": "Wikidata Q42759533", "photo": "img/Pont_sur_l_oued_Djilf.jpg", "photo_credit": "IssamBarhoumi, CC BY-SA 4.0, Wikimedia Commons", "a_voir": "Pont romain enjambant l'oued Djilf, dans la région d'Oueslatia.", "conseil": "Etape breve pour les amateurs d'ouvrages romains, en vehicule.", "photo_source": "https://commons.wikimedia.org/wiki/File:Pont%20sur%20l%27oued%20Djilf.jpg", "vkey": "pont-romain-sur-l-oued-djilf-f67d05"}}, {"type": "Feature", "geometry": {"type": "Point", "coordinates": [10.094947, 35.676978]}, "properties": {"nom": "Mausolée Sidi Amor Abbada", "gouvernorat": "Kairouan", "type": "ville", "epoque": "Moderne (XIXe s.)", "description": "Zaouïa de Sidi Amor Abbada (mosquée des Sabres), XIXe s., reconnaissable a ses cinq coupoles cannelees.", "source": "Wikidata Q3301816 ; Wikipedia (Mausolee Sidi Amor Abbada)", "photo": "img/Zaouia_Sidi_Amor_Abbada_domes.jpg", "photo_credit": "damian entwistle, CC BY-SA 2.0, Wikimedia Commons", "a_voir": "Zaouïa du XIXe siècle dite mosquée des Sabres, reconnaissable a ses cinq coupoles cannelees et a ses objets monumentaux.", "conseil": "Curiosite a inclure dans une promenade dans Kairouan ; tenue correcte appreciee.", "photo_source": "https://commons.wikimedia.org/wiki/File:Zaouia%20Sidi%20Amor%20Abbada%20domes.jpg", "vkey": "mausolee-sidi-amor-abbada-2f727e"}}, {"type": "Feature", "geometry": {"type": "Point", "coordinates": [10.099193, 35.677955]}, "properties": {"nom": "Mausolée El Ouhaichia", "gouvernorat": "Kairouan", "type": "ville", "epoque": "Medievale / moderne", "description": "Zaouïa-mausolée dans la médina de Kairouan.", "source": "Wikidata Q42758317", "photo": "img/Zaouiat_El-Ouha_chia_01.jpg", "photo_credit": "Fehmi bouguezzi, CC BY-SA 4.0, Wikimedia Commons", "a_voir": "Zaouïa-mausolée de la médina de Kairouan ; monument modeste.", "conseil": "A apercevoir au fil d'une flanerie dans la médina.", "photo_source": "https://commons.wikimedia.org/wiki/File:Zaouiat%20El-Ouha%C3%AFchia%2001.JPG", "vkey": "mausolee-el-ouhaichia-bf4718"}}, {"type": "Feature", "geometry": {"type": "Point", "coordinates": [10.103627, 35.678825]}, "properties": {"nom": "Mausolée Sidi Abdesselam", "gouvernorat": "Kairouan", "type": "ville", "epoque": "Medievale / moderne", "description": "Zaouïa-mausolée dans la médina de Kairouan.", "source": "Wikidata Q42758708", "photo": "img/Mausol_e_de_Sidi_Abdesselam_03.jpg", "photo_credit": "Fehmi bouguezzi, CC BY-SA 4.0, Wikimedia Commons", "a_voir": "Zaouïa-mausolée de la médina de Kairouan ; monument modeste.", "conseil": "A apercevoir au fil d'une flanerie dans la médina.", "photo_source": "https://commons.wikimedia.org/wiki/File:Mausol%C3%A9e%20de%20Sidi%20Abdesselam%2003.JPG", "vkey": "mausolee-sidi-abdesselam-d481f1"}}, {"type": "Feature", "geometry": {"type": "Point", "coordinates": [10.0967, 35.6723]}, "properties": {"nom": "Mosquée Al Malek (Kairouan)", "gouvernorat": "Kairouan", "type": "ville", "epoque": "Medievale / moderne", "description": "Mosquée historique de la médina de Kairouan.", "source": "Wikidata Q3324849 ; Wikipedia (Mosquee Al Malek)", "photo": "img/Mosqu_e_Maalaq_02.jpg", "photo_credit": "Fehmi bouguezzi, CC BY-SA 4.0, Wikimedia Commons", "a_voir": "Mosquée historique de la médina de Kairouan.", "conseil": "Lieu de culte : observez de l'exterieur et restez discret.", "photo_source": "https://commons.wikimedia.org/wiki/File:Mosqu%C3%A9e%20Maalaq%2002.JPG", "vkey": "mosquee-al-malek-kairouan-ab4830"}}, {"type": "Feature", "geometry": {"type": "Point", "coordinates": [10.100943, 35.674637]}, "properties": {"nom": "Mosquée Sikaya (Kairouan)", "gouvernorat": "Kairouan", "type": "ville", "epoque": "Medievale / moderne", "description": "Mosquée historique de la médina de Kairouan.", "source": "Wikidata Q42758479", "photo": "img/Mesjed_es-Siqaia_02.jpg", "photo_credit": "Fehmi bouguezzi, CC BY-SA 4.0, Wikimedia Commons", "a_voir": "Mosquée historique de la médina de Kairouan.", "conseil": "Lieu de culte : observez de l'exterieur et restez discret.", "photo_source": "https://commons.wikimedia.org/wiki/File:Mesjed%20es-Siqaia%2002.JPG", "vkey": "mosquee-sikaya-kairouan-fde9a0"}}, {"type": "Feature", "geometry": {"type": "Point", "coordinates": [10.100732, 35.676017]}, "properties": {"nom": "Mosquée El Lawlib (Kairouan)", "gouvernorat": "Kairouan", "type": "ville", "epoque": "Medievale / moderne", "description": "Mosquée historique de la médina de Kairouan.", "source": "Wikidata Q42758557", "photo": "img/Kairouan_js_30.jpg", "photo_credit": "Jerzystrzelecki, CC BY 3.0, Wikimedia Commons", "a_voir": "Mosquée historique de la médina de Kairouan.", "conseil": "Lieu de culte : observez de l'exterieur et restez discret.", "photo_source": "https://commons.wikimedia.org/wiki/File:Kairouan%28js%2930.jpg", "vkey": "mosquee-el-lawlib-kairouan-88e014"}}, {"type": "Feature", "geometry": {"type": "Point", "coordinates": [10.102716, 35.672973]}, "properties": {"nom": "Église de l'Immaculée-Conception de Kairouan", "gouvernorat": "Kairouan", "type": "ville", "epoque": "Coloniale (fin XIXe-debut XXe s.)", "description": "Église catholique de Kairouan, patrimoine du protectorat francais.", "source": "Wikidata Q30147410 ; Wikipedia (Eglise de l'Immaculee-Conception de Kairouan)", "photo": "img/Eglise_de_Kairouan.jpg", "photo_credit": "Lévy et fils, Public domain, Wikimedia Commons", "a_voir": "Église catholique heritee du protectorat francais, témoin du patrimoine colonial de la ville.", "conseil": "Visite a verifier sur place, l'édifice n'etant pas toujours ouvert.", "photo_source": "https://commons.wikimedia.org/wiki/File:Eglise%20de%20Kairouan.jpg", "vkey": "eglise-de-l-immaculee-conception-de-kair-fe8dcd"}}, {"type": "Feature", "geometry": {"type": "Point", "coordinates": [10.099251, 35.672502]}, "properties": {"nom": "Musée du tapis de Kairouan", "gouvernorat": "Kairouan", "type": "ville", "epoque": "Contemporaine", "description": "Musée consacré au tapis kairouanais, dans la médina.", "source": "Wikidata Q95488757", "photo": "img/Carpet_Museum_of_Kairouan.jpg", "photo_credit": "Shoestring, CC BY-SA 4.0, Wikimedia Commons", "horaires": "Musée — ouvert en journée (fermeture hebdomadaire possible) ; horaires à vérifier sur place.", "a_voir": "Musée consacré au tapis kairouanais, savoir-faire emblématique de la ville.", "conseil": "Bon complement avant d'aller observer les ateliers de tisserands dans la médina.", "photo_source": "https://commons.wikimedia.org/wiki/File:Carpet%20Museum%20of%20Kairouan.jpg", "vkey": "musee-du-tapis-de-kairouan-3382e4"}}, {"type": "Feature", "geometry": {"type": "Point", "coordinates": [10.201944, 35.478611]}, "properties": {"nom": "Camp de concentration de Kondas", "gouvernorat": "Kairouan", "type": "evenement", "epoque": "Seconde Guerre mondiale", "description": "Ancien camp de concentration a Kondas, gouvernorat de Kairouan.", "source": "Wikidata Q45512959", "photo": "", "photo_credit": "", "a_voir": "Emplacement d'un ancien camp de concentration de la Seconde Guerre mondiale ; lieu de mémoire sans vestiges marquants.", "conseil": "Site de mémoire plutot que touristique ; renseignez-vous localement.", "vkey": "camp-de-concentration-de-kondas-ff61ce"}}, {"type": "Feature", "geometry": {"type": "Point", "coordinates": [11.0688, 35.5038]}, "properties": {"nom": "Musée de Mahdia", "gouvernorat": "Mahdia", "type": "ville", "epoque": "Contemporaine (1997)", "description": "Musée archéologique et ethnographique de Mahdia, distinct du Borj el-Kebir.", "source": "Wikidata Q3329731", "photo": "img/Museu_de_Mahdia.jpg", "photo_credit": "Jaume Ollé, CC BY 3.0, Wikimedia Commons", "horaires": "Musée — ouvert en journée (fermeture hebdomadaire possible) ; horaires à vérifier sur place.", "a_voir": "Musée archéologique et ethnographique de Mahdia (1997), presentant l'histoire de la ville et de sa région.", "conseil": "A coupler avec la visite de la médina et du Borj el-Kebir.", "photo_source": "https://commons.wikimedia.org/wiki/File:Museu%20de%20Mahdia.jpg", "vkey": "musee-de-mahdia-795fb2"}}, {"type": "Feature", "geometry": {"type": "Point", "coordinates": [11.07584, 35.505951]}, "properties": {"nom": "Dar Sghir (Mahdia)", "gouvernorat": "Mahdia", "type": "ville", "epoque": "Medina de Mahdia", "description": "Musée installé dans une maison traditionnelle de la médina de Mahdia.", "source": "Wikidata Q95586401", "photo": "img/Dar_El_Sghir_Museum__Entrance.jpg", "photo_credit": "Meriem Mach, CC BY-SA 4.0, Wikimedia Commons", "a_voir": "Petit musée installé dans une maison traditionnelle de la médina, illustrant l'habitat et les arts locaux.", "conseil": "Halte rapide au fil d'une promenade dans la médina.", "photo_source": "https://commons.wikimedia.org/wiki/File:Dar%20El%20Sghir%20Museum%2C%20Entrance.jpg", "vkey": "dar-sghir-mahdia-bd3dc9"}}, {"type": "Feature", "geometry": {"type": "Point", "coordinates": [11.048796, 35.392388]}, "properties": {"nom": "Musée archéologique de Salakta", "gouvernorat": "Mahdia", "type": "ville", "epoque": "Collections romaines (Sullecthum)", "description": "Musée archéologique de Salakta presentant les vestiges de l'antique Sullecthum.", "source": "Wikidata Q16978763", "photo": "img/Tunisie_Mus_e_Salakta.jpg", "photo_credit": "Rais67, Public domain, Wikimedia Commons", "horaires": "Musée — ouvert en journée (fermeture hebdomadaire possible) ; horaires à vérifier sur place.", "a_voir": "Musée presentant les vestiges de l'antique Sullecthum, dont une grande mosaïque du lion.", "conseil": "A visiter avec le site archéologique de Salakta tout proche.", "photo_source": "https://commons.wikimedia.org/wiki/File:Tunisie%20Mus%C3%A9e%20Salakta.jpg", "vkey": "musee-archeologique-de-salakta-5edc6f"}}, {"type": "Feature", "geometry": {"type": "Point", "coordinates": [11.079252777, 35.505733333]}, "properties": {"nom": "Cimetière marin de Mahdia", "gouvernorat": "Mahdia", "type": "ville", "epoque": "Historique", "description": "Cimetière marin sur la presqu'ile de Mahdia, face a la mer.", "source": "Wikidata Q11913418", "photo": "img/Mahdia_cimetier.jpg", "photo_credit": "The original uploader was Asram at French Wikipedia., CC BY-SA 3.0, Wikimedia Commons", "a_voir": "Cimetière historique face a la mer sur la presqu'ile de Mahdia ; cadre paisible en bord de littoral.", "conseil": "Lieu de recueillement : visitez avec respect, surtout au lever ou au coucher du soleil.", "photo_source": "https://commons.wikimedia.org/wiki/File:Mahdia%20cimetier.jpg", "vkey": "cimetiere-marin-de-mahdia-6af211"}}, {"type": "Feature", "geometry": {"type": "Point", "coordinates": [11.07051667, 35.50480278]}, "properties": {"nom": "Église Notre-Dame-du-Mont-Carmel de Mahdia", "gouvernorat": "Mahdia", "type": "ville", "epoque": "Coloniale", "description": "Église catholique de Mahdia datant de l'époque coloniale.", "source": "Wikidata Q30274726", "photo": "img/Mahdia__Africa__41__cropped_.jpg", "photo_credit": "J. J. de Smet, Public domain, Wikimedia Commons", "a_voir": "Église catholique de l'époque coloniale, témoin du passe pluriel de Mahdia.", "conseil": "Ouverture irreguliere : a verifier sur place.", "photo_source": "https://commons.wikimedia.org/wiki/File:Mahdia%20%28Africa%29%2041%20%28cropped%29.jpg", "vkey": "eglise-notre-dame-du-mont-carmel-de-mahd-596793"}}, {"type": "Feature", "geometry": {"type": "Point", "coordinates": [11.080277777, 35.508055555]}, "properties": {"nom": "Phare de Mahdia (Cap Afrique)", "gouvernorat": "Mahdia", "type": "ville", "epoque": "Moderne", "description": "Phare a la pointe de la presqu'ile de Mahdia (Cap Afrique).", "source": "Wikidata Q39736969", "photo": "img/Phare_de_Mahdia__28_mars_2014__01_.jpg", "photo_credit": "Habib M'henni, CC BY-SA 3.0, Wikimedia Commons", "a_voir": "Phare a la pointe de la presqu'ile (Cap Afrique), repere maritime offrant des vues sur le littoral.", "conseil": "Belle promenade jusqu'a la pointe ; l'acces interieur peut être restreint.", "photo_source": "https://commons.wikimedia.org/wiki/File:Phare%20de%20Mahdia%2C%2028%20mars%202014%20%2801%29.jpg", "vkey": "phare-de-mahdia-cap-afrique-e518ab"}}, {"type": "Feature", "geometry": {"type": "Point", "coordinates": [11.156666666, 35.235277777]}, "properties": {"nom": "Phare de Chebba", "gouvernorat": "Mahdia", "type": "ville", "epoque": "Moderne", "description": "Phare de Chebba, a proximité du cap Ras Kapoudia.", "source": "Wikidata Q39751322", "photo": "", "photo_credit": "", "a_voir": "Phare proche du cap Ras Kapoudia, sur un littoral rocheux du Sahel.", "conseil": "Point de vue côtier : approchez par la cote, l'acces du phare lui-meme pouvant être limite.", "vkey": "phare-de-chebba-f7b16f"}}, {"type": "Feature", "geometry": {"type": "Point", "coordinates": [10.702904, 35.292822]}, "properties": {"nom": "Grand chapiteau corinthien (El Jem)", "gouvernorat": "Mahdia", "type": "ville", "epoque": "Romaine (Thysdrus)", "description": "Grand chapiteau corinthien antique parmi les vestiges romains de Thysdrus a El Jem.", "source": "Wikidata Q42762815", "photo": "img/Grand_chapiteau_corinthien.jpg", "photo_credit": "Touzrimounir, CC BY-SA 4.0, Wikimedia Commons", "a_voir": "Grand chapiteau corinthien antique parmi les vestiges épars de Thysdrus a El Jem.", "conseil": "Detail a reperer lors de la visite des vestiges romains d'El Jem.", "photo_source": "https://commons.wikimedia.org/wiki/File:Grand%20chapiteau%20corinthien.jpg", "vkey": "grand-chapiteau-corinthien-el-jem-bdafa5"}}, {"type": "Feature", "geometry": {"type": "Point", "coordinates": [10.708, 35.29]}, "properties": {"nom": "Second amphithéâtre d'El Jem", "gouvernorat": "Mahdia", "type": "ville", "epoque": "Romaine", "description": "Vestiges d'un second amphithéâtre romain de Thysdrus, distinct du grand amphithéâtre.", "source": "Wikidata Q29002326", "photo": "", "photo_credit": "", "a_voir": "Vestiges arases d'un second amphithéâtre de Thysdrus, plus ancien et bien moins conservé que le grand amphithéâtre.", "conseil": "A voir en complement du grand amphithéâtre, pour les curieux.", "vkey": "second-amphitheatre-d-el-jem-259b0c"}}, {"type": "Feature", "geometry": {"type": "Point", "coordinates": [10.2667, 35.4333]}, "properties": {"nom": "Henchir-Bir-El-Menadla", "gouvernorat": "Mahdia", "type": "ville", "epoque": "Antique", "description": "Site archéologique antique (henchir) a l'ouest du gouvernorat de Mahdia, près de la limite avec Kairouan.", "source": "Wikidata Q40888214", "photo": "", "photo_credit": "", "a_voir": "Site archéologique antique (henchir) a l'ouest du gouvernorat de Mahdia ; vestiges modestes.", "conseil": "Intérêt surtout archéologique : renseignez-vous localement sur l'acces.", "vkey": "henchir-bir-el-menadla-c83d53"}}, {"type": "Feature", "geometry": {"type": "Point", "coordinates": [9.369095, 35.437423]}, "properties": {"nom": "Atelier de potier de Sidi Bouzid", "gouvernorat": "Sidi Bouzid", "type": "ville", "epoque": "Antique", "description": "Atelier de potier antique classé monument historique, près de la ville de Sidi Bouzid.", "source": "Wikidata Q42761956", "photo": "", "photo_credit": "", "a_voir": "Atelier de potier antique classé monument historique, près de la ville de Sidi Bouzid.", "conseil": "Site specialise : a aborder avec un accompagnement pour en saisir l'intérêt.", "vkey": "atelier-de-potier-de-sidi-bouzid-9f48d5"}}, {"type": "Feature", "geometry": {"type": "Point", "coordinates": [9.42056, 35.44194]}, "properties": {"nom": "Henchir Bou Zer", "gouvernorat": "Sidi Bouzid", "type": "ville", "epoque": "Antique", "description": "Ruines (henchir) dans le nord du gouvernorat de Sidi Bouzid.", "source": "Wikidata Q137080883", "photo": "", "photo_credit": "", "a_voir": "Ruines antiques (henchir) du nord du gouvernorat de Sidi Bouzid ; vestiges peu spectaculaires.", "conseil": "A reserver aux passionnes d'archéologie.", "vkey": "henchir-bou-zer-69088c"}}, {"type": "Feature", "geometry": {"type": "Point", "coordinates": [9.593978719, 34.678645659]}, "properties": {"nom": "Camp de concentration de Meheri-Zebbeus", "gouvernorat": "Sidi Bouzid", "type": "evenement", "epoque": "Seconde Guerre mondiale (1939)", "description": "Ancien camp de concentration établi en 1939 dans la région de Meknassy.", "source": "Wikidata Q117866030", "photo": "", "photo_credit": "", "a_voir": "Emplacement d'un camp établi en 1939 dans la région de Meknassy ; lieu de mémoire.", "conseil": "Site de mémoire sans amenagement touristique ; renseignez-vous localement.", "vkey": "camp-de-concentration-de-meheri-zebbeus-84ac40"}}, {"type": "Feature", "geometry": {"type": "Point", "coordinates": [10.4112, 34.4672]}, "properties": {"nom": "Younga (Iunca)", "gouvernorat": "Sfax", "type": "ville", "epoque": "Romaine et byzantine", "description": "Ancienne cité romaine et byzantine au sud de Mahres, activite chrétienne des le Ve siècle.", "source": "Wikidata Q3572870 ; Wikipedia (Younga)", "photo": "img/Fort_Byzantin_de_Younga_03.jpg", "photo_credit": "IssamBarhoumi, CC BY-SA 4.0, Wikimedia Commons", "a_voir": "Cité romaine et byzantine au sud de Mahres, marquée par une activite chrétienne des le Ve siècle.", "conseil": "Site côtier etendu et peu aménagé : prevoyez de l'eau et de bonnes chaussures.", "photo_source": "https://commons.wikimedia.org/wiki/File:Fort%20Byzantin%20de%20Younga%2003.jpg", "vkey": "younga-iunca-ce089f"}}, {"type": "Feature", "geometry": {"type": "Point", "coordinates": [11.151829, 34.707372]}, "properties": {"nom": "Bordj El Hassar (Kerkennah)", "gouvernorat": "Sfax", "type": "ville", "epoque": "Medievale / hispano-turque", "description": "Fort historique de l'archipel des Kerkennah, près d'El Abbassia.", "source": "Wikidata Q42763102", "photo": "img/Ruines_KKH.jpg", "photo_credit": "No machine-readable author provided. Elcèd77 assumed (based , CC BY-SA 3.0, Wikimedia Commons", "a_voir": "Fort médiéval d'influence hispano-turque sur l'archipel des Kerkennah, près d'El Abbassia.", "conseil": "A combiner avec une découverte de l'archipel et de sa peche traditionnelle.", "photo_source": "https://commons.wikimedia.org/wiki/File:Ruines%20KKH.JPG", "vkey": "bordj-el-hassar-kerkennah-8aa052"}}, {"type": "Feature", "geometry": {"type": "Point", "coordinates": [10.8, 35.2]}, "properties": {"nom": "Rougga (Bararus)", "gouvernorat": "Sfax", "type": "ville", "epoque": "Romaine", "description": "Cité antique romaine de Bararus, a ~13 km au sud-est d'El Jem.", "source": "Wikidata Q28221913", "photo": "", "photo_credit": "", "a_voir": "Cité antique romaine de Bararus, a une dizaine de kilomètres au sud-est d'El Jem.", "conseil": "Site rural peu aménagé : un accompagnement aide a le situer et le lire.", "vkey": "rougga-bararus-d7e9c2"}}, {"type": "Feature", "geometry": {"type": "Point", "coordinates": [10.791, 35.212]}, "properties": {"nom": "Amphithéâtre de Bararus", "gouvernorat": "Sfax", "type": "ville", "epoque": "Romaine", "description": "Amphithéâtre romain du site antique de Bararus (Rougga), au sud-est d'El Jem.", "source": "Wikidata Q29002314", "photo": "", "photo_credit": "", "a_voir": "Vestiges d'un amphithéâtre romain sur le site de Bararus (Rougga), au sud-est d'El Jem.", "conseil": "A voir avec l'ensemble du site de Rougga, pour les amateurs d'antique.", "vkey": "amphitheatre-de-bararus-9a2d71"}}, {"type": "Feature", "geometry": {"type": "Point", "coordinates": [11.020662, 35.080085]}, "properties": {"nom": "Kasr-Erressass (Acholla)", "gouvernorat": "Sfax", "type": "ville", "epoque": "Romaine", "description": "Monument classé du site antique d'Acholla.", "source": "Wikidata Q42763523", "photo": "img/Ksar_ressass.jpg", "photo_credit": "Adeljam, CC BY-SA 3.0, Wikimedia Commons", "a_voir": "Monument classé du site antique d'Acholla, sur le littoral du Sahel.", "conseil": "A inclure dans la visite du site d'Acholla.", "photo_source": "https://commons.wikimedia.org/wiki/File:Ksar%20ressass.jpg", "vkey": "kasr-erressass-acholla-2069bc"}}, {"type": "Feature", "geometry": {"type": "Point", "coordinates": [10.864977, 34.79764]}, "properties": {"nom": "Baptistere de Sidi Mansour", "gouvernorat": "Sfax", "type": "ville", "epoque": "Paleochretienne", "description": "Baptistere antique près de Sidi Mansour, au nord de Sfax.", "source": "Wikidata Q42763879", "photo": "img/Baptist_re_1.jpg", "photo_credit": "Noomen9, CC BY-SA 4.0, Wikimedia Commons", "a_voir": "Baptistere antique paléochrétien près de Sidi Mansour, au nord de Sfax.", "conseil": "Site discret : renseignez-vous localement sur l'acces.", "photo_source": "https://commons.wikimedia.org/wiki/File:Baptist%C3%A8re%201.jpg", "vkey": "baptistere-de-sidi-mansour-f9c9eb"}}, {"type": "Feature", "geometry": {"type": "Point", "coordinates": [10.763925, 34.732171]}, "properties": {"nom": "Musée archéologique de Sfax", "gouvernorat": "Sfax", "type": "ville", "epoque": "Collections antiques", "description": "Musée archéologique de la ville de Sfax.", "source": "Wikidata Q526903", "photo": "img/Mus_e_arch_ologique_de_Sfax_situ__dans_la_municipalit__de_Sfax_06.jpg", "photo_credit": "TOUMOU, CC BY-SA 4.0, Wikimedia Commons", "horaires": "Musée — ouvert en journée (fermeture hebdomadaire possible) ; horaires à vérifier sur place.", "a_voir": "Musée de la ville presentant des collections antiques de la région, dont des mosaïques.", "conseil": "Bonne introduction avant d'explorer la médina et les sites antiques alentour.", "photo_source": "https://commons.wikimedia.org/wiki/File:Mus%C3%A9e%20arch%C3%A9ologique%20de%20Sfax%20situ%C3%A9%20dans%20la%20municipalit%C3%A9%20de%20Sfax%2006.jpg", "vkey": "musee-archeologique-de-sfax-3b8b02"}}, {"type": "Feature", "geometry": {"type": "Point", "coordinates": [11.243246, 34.720062]}, "properties": {"nom": "Musée du patrimoine insulaire de Kerkennah", "gouvernorat": "Sfax", "type": "ville", "epoque": "Contemporaine", "description": "Musée du patrimoine insulaire sur l'archipel des Kerkennah.", "source": "Wikidata Q3330460", "photo": "img/Kerkennah_museum_1.jpg", "photo_credit": "Visem, CC BY-SA 3.0, Wikimedia Commons", "horaires": "Musée — ouvert en journée (fermeture hebdomadaire possible) ; horaires à vérifier sur place.", "a_voir": "Musée dédié au patrimoine et aux traditions de l'archipel des Kerkennah, notamment la peche.", "conseil": "A visiter pour comprendre la vie insulaire avant de parcourir les iles.", "photo_source": "https://commons.wikimedia.org/wiki/File:Kerkennah%20museum%201.jpg", "vkey": "musee-du-patrimoine-insulaire-de-kerkenn-6bdc9a"}}, {"type": "Feature", "geometry": {"type": "Point", "coordinates": [10.76071667, 34.73197778]}, "properties": {"nom": "Église Saint-Pierre-et-Saint-Paul de Sfax", "gouvernorat": "Sfax", "type": "ville", "epoque": "Coloniale", "description": "Église catholique de Sfax.", "source": "Wikidata Q30728589", "photo": "img/Nouvelle__glise_de_Sfax.jpg", "photo_credit": "Unknown authorUnknown author, Public domain, Wikimedia Commons", "a_voir": "Église catholique de l'époque coloniale, témoin du patrimoine pluriel de Sfax.", "conseil": "Ouverture variable : a verifier sur place.", "photo_source": "https://commons.wikimedia.org/wiki/File:Nouvelle%20%C3%A9glise%20de%20Sfax.jpg", "vkey": "eglise-saint-pierre-et-saint-paul-de-sfa-6bc71c"}}, {"type": "Feature", "geometry": {"type": "Point", "coordinates": [10.763227, 34.735344]}, "properties": {"nom": "Mosquée Sidi Amar Kammoun", "gouvernorat": "Sfax", "type": "ville", "epoque": "Medievale / ottomane", "description": "Mosquée historique de la médina de Sfax.", "source": "Wikidata Q60572864", "photo": "img/Minaret_de_la_Mosqu_e_de_Sidi-Amor_02.jpg", "photo_credit": "Fehmi bouguezzi, CC BY-SA 4.0, Wikimedia Commons", "a_voir": "Mosquée historique de la médina de Sfax.", "conseil": "Lieu de culte : observez de l'exterieur et restez discret.", "photo_source": "https://commons.wikimedia.org/wiki/File:Minaret%20de%20la%20Mosqu%C3%A9e%20de%20Sidi-Amor%2002.JPG", "vkey": "mosquee-sidi-amar-kammoun-f80066"}}, {"type": "Feature", "geometry": {"type": "Point", "coordinates": [10.7590565, 34.733898]}, "properties": {"nom": "Mosquée Sidi Elyes (Sfax)", "gouvernorat": "Sfax", "type": "ville", "epoque": "Medievale / ottomane", "description": "Mosquée historique de la médina de Sfax.", "source": "Wikidata Q60572857", "photo": "img/Mosqu_e_Sidi_Elyes_casbah_medina_sfax.jpg", "photo_credit": "Csisc, CC BY-SA 4.0, Wikimedia Commons", "a_voir": "Mosquée historique de la médina de Sfax.", "conseil": "Lieu de culte : observez de l'exterieur et restez discret.", "photo_source": "https://commons.wikimedia.org/wiki/File:Mosqu%C3%A9e%20Sidi%20Elyes%20casbah%20medina%20sfax.jpg", "vkey": "mosquee-sidi-elyes-sfax-14f638"}}, {"type": "Feature", "geometry": {"type": "Point", "coordinates": [10.7618916, 34.7350442]}, "properties": {"nom": "Mosquée Sidi Abdelmoula", "gouvernorat": "Sfax", "type": "ville", "epoque": "Medievale / ottomane", "description": "Mosquée historique de la médina de Sfax.", "source": "Wikidata Q60312096", "photo": "", "photo_credit": "", "a_voir": "Mosquée historique de la médina de Sfax.", "conseil": "Lieu de culte : observez de l'exterieur et restez discret.", "vkey": "mosquee-sidi-abdelmoula-6c5d90"}}, {"type": "Feature", "geometry": {"type": "Point", "coordinates": [10.761222222, 34.736166666]}, "properties": {"nom": "Mosquée El Trouk (Sfax)", "gouvernorat": "Sfax", "type": "ville", "epoque": "Ottomane", "description": "Mosquée historique de la médina de Sfax.", "source": "Wikidata Q60575988", "photo": "", "photo_credit": "", "a_voir": "Mosquée ottomane de la médina de Sfax, témoin de l'époque turque.", "conseil": "Lieu de culte : observez de l'exterieur et restez discret.", "vkey": "mosquee-el-trouk-sfax-d55466"}}, {"type": "Feature", "geometry": {"type": "Point", "coordinates": [10.757816, 34.739053]}, "properties": {"nom": "Mosquée Sidi Ellakhmi", "gouvernorat": "Sfax", "type": "ville", "epoque": "Medievale / ottomane", "description": "Mosquée historique de la médina de Sfax.", "source": "Wikidata Q22686708", "photo": "img/___________.jpg", "photo_credit": "Vivaystn, CC BY-SA 4.0, Wikimedia Commons", "a_voir": "Mosquée historique de la médina de Sfax.", "conseil": "Lieu de culte : observez de l'exterieur et restez discret.", "photo_source": "https://commons.wikimedia.org/wiki/File:%D8%AC%D8%A7%D9%85%D8%B9%20%D8%A7%D9%84%D9%84%D8%AE%D9%85%D9%8A.jpg", "vkey": "mosquee-sidi-ellakhmi-3cd0a9"}}, {"type": "Feature", "geometry": {"type": "Point", "coordinates": [11.240301, 34.719163]}, "properties": {"nom": "El Abbassia (Kerkennah)", "gouvernorat": "Sfax", "type": "ville", "epoque": "Historique", "description": "Localite de l'archipel des Kerkennah, proche du fort Bordj El Hassar.", "source": "Wikidata Q12189989", "photo": "", "photo_credit": "", "a_voir": "Localite de l'archipel des Kerkennah, proche du fort Bordj El Hassar.", "conseil": "Point de depart commode pour rejoindre le fort voisin.", "vkey": "el-abbassia-kerkennah-c16a7d"}}, {"type": "Feature", "geometry": {"type": "Point", "coordinates": [10.685661111, 34.651861111]}, "properties": {"nom": "Phare de Ras Thyna", "gouvernorat": "Sfax", "type": "ville", "epoque": "Contemporaine", "description": "Phare au cap Ras Thyna, au sud de Sfax.", "source": "Wikidata Q39873877", "photo": "img/Site_de_Thyna1.jpg", "photo_credit": "Radiusmed, CC BY-SA 4.0, Wikimedia Commons", "a_voir": "Phare du cap Ras Thyna, au sud de Sfax, près du site antique de Thaenae.", "conseil": "Repere côtier a approcher par la cote ; a coupler avec le site de Thyna.", "photo_source": "https://commons.wikimedia.org/wiki/File:Site%20de%20Thyna1.jpg", "vkey": "phare-de-ras-thyna-e29cd8"}}, {"type": "Feature", "geometry": {"type": "Point", "coordinates": [11.247341666, 34.830222222]}, "properties": {"nom": "Phare de l'ile Charki (Kerkennah)", "gouvernorat": "Sfax", "type": "ville", "epoque": "Contemporaine", "description": "Phare de l'ile Charki (Kerkennah), entrée du chenal de Sfax.", "source": "Wikidata Q105226407", "photo": "", "photo_credit": "", "a_voir": "Phare de l'ile Charki, a l'entrée du chenal de Sfax, dans l'archipel des Kerkennah.", "conseil": "A apercevoir lors d'une excursion en bateau autour de l'archipel.", "vkey": "phare-de-l-ile-charki-kerkennah-3a847b"}}, {"type": "Feature", "geometry": {"type": "Point", "coordinates": [10.525278, 34.740556]}, "properties": {"nom": "Camp de concentration de Tniet-Agareb", "gouvernorat": "Sfax", "type": "evenement", "epoque": "Seconde Guerre mondiale", "description": "Ancien camp de concentration de la Seconde Guerre mondiale près d'Agareb.", "source": "Wikidata Q45513785", "photo": "", "photo_credit": "", "a_voir": "Emplacement d'un camp de la Seconde Guerre mondiale près d'Agareb ; lieu de mémoire.", "conseil": "Site de mémoire sans amenagement touristique ; renseignez-vous localement.", "vkey": "camp-de-concentration-de-tniet-agareb-3e4e5d"}}, {"type": "Feature", "geometry": {"type": "Point", "coordinates": [8.356079, 36.223438]}, "properties": {"nom": "Naraggara (Sakiet Sidi Youssef)", "gouvernorat": "Le Kef", "type": "ville", "epoque": "Numide / Romain", "description": "Cité antique d'Africa Proconsularis, citee par Tite-Live près du camp de Scipion avant Zama (202 av. J.-C.). Correspond a Sakiet Sidi Youssef, près de la frontière algerienne.", "source": "Wikidata Q11938377 ; Wikipedia (Naraggara)", "photo": "", "photo_credit": "", "a_voir": "Les vestiges de la cité antique citee par Tite-Live près du camp de Scipion avant Zama, a Sakiet Sidi Youssef.", "conseil": "Près de la frontière algerienne : intérêt surtout historique, renseignez-vous sur l'acces de la zone frontaliere.", "vkey": "naraggara-sakiet-sidi-youssef-d74255"}}, {"type": "Feature", "geometry": {"type": "Point", "coordinates": [8.552899, 35.89164]}, "properties": {"nom": "Tajerouine", "gouvernorat": "Le Kef", "type": "ville", "epoque": "Moderne", "description": "Ville du gouvernorat du Kef, a ~38 km au sud-ouest du Kef, au pied du Djebel Slata.", "source": "Wikidata Q3175916 ; Wikipedia (Tajerouine)", "photo": "", "photo_credit": "", "a_voir": "Une ville-etape au pied du Djebel Slata, point de depart vers les sites alentour.", "conseil": "Davantage un relais qu'une destination : utile pour rayonner dans le sud-ouest du Kef.", "vkey": "tajerouine-a09bef"}}, {"type": "Feature", "geometry": {"type": "Point", "coordinates": [8.8325, 35.94472]}, "properties": {"nom": "Dahmani (Ebba Ksour)", "gouvernorat": "Le Kef", "type": "ville", "epoque": "Moderne", "description": "Ville du gouvernorat du Kef, anciennement Ebba Ksour, proche du site antique d'Althiburos.", "source": "Wikidata Q3624330 ; Wikipedia (Dahmani)", "photo": "", "photo_credit": "", "a_voir": "Une ville (ancienne Ebba Ksour) servant de porte d'acces au site antique voisin d'Althiburos.", "conseil": "Faites-en votre base pour visiter Althiburos tout proche.", "vkey": "dahmani-ebba-ksour-fd766a"}}, {"type": "Feature", "geometry": {"type": "Point", "coordinates": [9.017, 36.083]}, "properties": {"nom": "Le Sers", "gouvernorat": "Le Kef", "type": "ville", "epoque": "Moderne", "description": "Ville a ~35 km au sud-est du Kef, en région cerealiere.", "source": "Wikidata Q3475251 ; Wikipedia (Sers)", "photo": "", "photo_credit": "", "a_voir": "Une ville de région cerealiere, sans monument majeur, dans la plaine au sud-est du Kef.", "conseil": "Simple etape sur la route ; peu d'intérêt touristique en soi.", "vkey": "le-sers-a99905"}}, {"type": "Feature", "geometry": {"type": "Point", "coordinates": [8.76833, 36.29972]}, "properties": {"nom": "Nebeur", "gouvernorat": "Le Kef", "type": "ville", "epoque": "Moderne", "description": "Ville du gouvernorat du Kef, proche du barrage Mellegue.", "source": "Wikidata Q3117290 ; Wikipedia (Nebeur)", "photo": "", "photo_credit": "", "a_voir": "Un village proche du barrage Mellegue et de ses paysages d'oued.", "conseil": "Combinez avec la visite du barrage Mellegue voisin.", "vkey": "nebeur-49a564"}}, {"type": "Feature", "geometry": {"type": "Point", "coordinates": [8.581352, 36.339293]}, "properties": {"nom": "Touiref", "gouvernorat": "Le Kef", "type": "ville", "epoque": "Moderne", "description": "Ville du nord du gouvernorat du Kef.", "source": "Wikidata Q3531061 ; Wikipedia (Touiref)", "photo": "", "photo_credit": "", "a_voir": "Un bourg du nord du Kef, proche des ruines de Masculula.", "conseil": "Point de depart possible vers le site antique de Masculula.", "vkey": "touiref-ec8d62"}}, {"type": "Feature", "geometry": {"type": "Point", "coordinates": [8.633, 35.85]}, "properties": {"nom": "Jerissa", "gouvernorat": "Le Kef", "type": "ville", "epoque": "Moderne", "description": "Ville du gouvernorat du Kef, connue pour sa mine de fer et des vestiges amazighs, puniques et romains alentour.", "source": "Wikidata Q3176698 ; Wikipedia (Jerissa)", "photo": "", "photo_credit": "", "a_voir": "Une ville minière (fer) entourée de vestiges amazighs, puniques et romains.", "conseil": "Etape pour qui s'interesse au patrimoine minier et aux ruines disseminees alentour.", "vkey": "jerissa-4403a5"}}, {"type": "Feature", "geometry": {"type": "Point", "coordinates": [8.3453, 35.765]}, "properties": {"nom": "Kalaat es Senam", "gouvernorat": "Le Kef", "type": "ville", "epoque": "Moderne", "description": "Ville de l'ouest du gouvernorat du Kef, au pied de la Table de Jugurtha.", "source": "Wikidata Q3177076 ; Wikipedia (Kalaat es Senam)", "photo": "", "photo_credit": "", "a_voir": "Une ville au pied de la spectaculaire Table de Jugurtha, point de depart de l'ascension.", "conseil": "Base ideale avant de gravir la Table de Jugurtha : partez le matin et emportez de l'eau.", "vkey": "kalaat-es-senam-a75016"}}, {"type": "Feature", "geometry": {"type": "Point", "coordinates": [8.88056, 35.89833]}, "properties": {"nom": "El Ksour (Le Kef)", "gouvernorat": "Le Kef", "type": "ville", "epoque": "Moderne", "description": "Ville et commune du gouvernorat du Kef.", "source": "Wikidata Q11058625 ; Wikipedia (El Ksour)", "photo": "", "photo_credit": "", "a_voir": "Une petite ville-commune du gouvernorat du Kef, sans site monumental majeur.", "conseil": "Simple etape de passage dans la région.", "vkey": "el-ksour-le-kef-5f13c2"}}, {"type": "Feature", "geometry": {"type": "Point", "coordinates": [8.517999, 36.354507]}, "properties": {"nom": "Masculula (Henchir Guergour)", "gouvernorat": "Le Kef", "type": "ville", "epoque": "Numide / Romain", "description": "Ruines de l'antique Masculula près de Touiref, ou furent decouvertes des inscriptions neopuniques et latines (certaines au Louvre).", "source": "Wikidata Q120208002 ; Wikipedia (Henchir Guergour)", "photo": "", "photo_credit": "", "a_voir": "Les ruines de l'antique Masculula, ou furent trouvées des inscriptions neopuniques et latines (certaines au Louvre).", "conseil": "Site rural près de Touiref, peu aménagé : a reserver aux amateurs d'epigraphie munis de coordonnées.", "vkey": "masculula-henchir-guergour-276371"}}, {"type": "Feature", "geometry": {"type": "Point", "coordinates": [9.3747222, 36.0819444]}, "properties": {"nom": "Siliana (ville)", "gouvernorat": "Siliana", "type": "ville", "epoque": "Moderne", "description": "Chef-lieu du gouvernorat de Siliana, sur la bordure occidentale de la dorsale tunisienne.", "source": "Wikidata Q27216 ; Wikipedia (Siliana)", "photo": "", "photo_credit": "", "a_voir": "Le chef-lieu de gouvernorat, point de depart vers les sites antiques et les montagnes de la dorsale.", "conseil": "Bonne base logistique pour rayonner vers Makthar, Ksar Lemsa et le Djebel Serj.", "vkey": "siliana-ville-663346"}}, {"type": "Feature", "geometry": {"type": "Point", "coordinates": [9.62, 36.35]}, "properties": {"nom": "Bou Arada", "gouvernorat": "Siliana", "type": "ville", "epoque": "Moderne", "description": "Ville du nord du gouvernorat de Siliana, au pied du Djebel Bargou.", "source": "Wikidata Q2737321 ; Wikipedia (Bou Arada)", "photo": "", "photo_credit": "", "a_voir": "Une ville au pied du Djebel Bargou, proche du site antique d'Apisa Maius.", "conseil": "Etape vers le Djebel Bargou et les ruines d'Apisa Maius.", "vkey": "bou-arada-6b1004"}}, {"type": "Feature", "geometry": {"type": "Point", "coordinates": [9.32, 36.34]}, "properties": {"nom": "Gaafour", "gouvernorat": "Siliana", "type": "ville", "epoque": "Moderne", "description": "Ville du gouvernorat de Siliana, sur la ligne ferroviaire du nord-ouest.", "source": "Wikidata Q3094332 ; Wikipedia (Gaafour)", "photo": "", "photo_credit": "", "a_voir": "Une ville-etape sur la ligne ferroviaire du nord-ouest.", "conseil": "Surtout un noeud de transport ; peu d'intérêt touristique propre.", "vkey": "gaafour-9bb124"}}, {"type": "Feature", "geometry": {"type": "Point", "coordinates": [9.57, 36.09]}, "properties": {"nom": "Bargou", "gouvernorat": "Siliana", "type": "ville", "epoque": "Moderne", "description": "Ville adossée au versant nord du Djebel Bargou (Siliana).", "source": "Wikidata Q2884760 ; Wikipedia (Bargou)", "photo": "", "photo_credit": "", "a_voir": "Un village adossé au versant nord du Djebel Bargou, dans un cadre montagnard verdoyant.", "conseil": "Point de depart pour des randonnees sur le Djebel Bargou ; agreable au printemps.", "vkey": "bargou-c184fa"}}, {"type": "Feature", "geometry": {"type": "Point", "coordinates": [9.05, 35.65]}, "properties": {"nom": "Rouhia", "gouvernorat": "Siliana", "type": "ville", "epoque": "Moderne", "description": "Ville du sud du gouvernorat de Siliana, en zone de hauts plateaux cerealiers.", "source": "Wikidata Q3441986 ; Wikipedia (Rouhia)", "photo": "", "photo_credit": "", "a_voir": "Une ville de hauts plateaux cerealiers du sud de Siliana.", "conseil": "Simple etape de passage en zone agricole.", "vkey": "rouhia-cd2a3d"}}, {"type": "Feature", "geometry": {"type": "Point", "coordinates": [9.13, 36.3]}, "properties": {"nom": "El Krib", "gouvernorat": "Siliana", "type": "ville", "epoque": "Moderne", "description": "Ville du nord du gouvernorat de Siliana, proche du site antique de Musti.", "source": "Wikidata Q3049790 ; Wikipedia (El Krib)", "photo": "", "photo_credit": "", "a_voir": "Une ville moderne accolée au site antique de Musti, avec son arc de Gordien III et son macellum.", "conseil": "Garez-vous a El Krib pour visiter Musti a pied juste a cote.", "vkey": "el-krib-dd5ca6"}}, {"type": "Feature", "geometry": {"type": "Point", "coordinates": [9.0502778, 36.3027778]}, "properties": {"nom": "Thacia", "gouvernorat": "Siliana", "type": "ville", "epoque": "Romain", "description": "Cité de l'Afrique romaine et ancien évêché, dont les ruines se situent près d'El Krib (Siliana).", "source": "Wikidata Q30590851 ; Wikipedia (Thacia)", "photo": "", "photo_credit": "", "a_voir": "Les ruines d'une cité romaine et ancien évêché, près d'El Krib.", "conseil": "A combiner avec Musti / El Krib voisins ; site modeste a reperer avec des coordonnées.", "vkey": "thacia-369c18"}}, {"type": "Feature", "geometry": {"type": "Point", "coordinates": [9.443, 36.195]}, "properties": {"nom": "Apisa Maius", "gouvernorat": "Siliana", "type": "ville", "epoque": "Romain", "description": "Ancienne cité d'Afrique proconsulaire et siège episcopal (Tarf ech Chenah), près de Bou Arada.", "source": "Wikidata Q104588808 ; Wikipedia (Apisa Maius)", "photo": "", "photo_credit": "", "a_voir": "Les vestiges d'une cité d'Afrique proconsulaire et ancien siège episcopal (Tarf ech Chenah).", "conseil": "Près de Bou Arada ; site rural discret, surtout pour passionnes d'archéologie.", "vkey": "apisa-maius-f030c6"}}, {"type": "Feature", "geometry": {"type": "Point", "coordinates": [8.8333333, 35.1666667]}, "properties": {"nom": "Kasserine (ville)", "gouvernorat": "Kasserine", "type": "ville", "epoque": "Romain / Contemporain", "description": "Chef-lieu du gouvernorat de Kasserine, au pied du Djebel Chambi, sur le site de l'antique Cillium.", "source": "Wikidata Q852735 ; Wikipedia (Kasserine)", "photo": "", "photo_credit": "", "a_voir": "Le chef-lieu au pied du Djebel Chambi, établi sur l'antique Cillium et porte du parc national.", "conseil": "Base pour acceder au Djebel Chambi et aux sites de Cillium et du mausolée des Flavii.", "vkey": "kasserine-ville-e1f7c6"}}, {"type": "Feature", "geometry": {"type": "Point", "coordinates": [8.5625, 34.9430556]}, "properties": {"nom": "Feriana", "gouvernorat": "Kasserine", "type": "ville", "epoque": "Moderne", "description": "Ville du sud-ouest du gouvernorat de Kasserine, proche du site antique de Thelepte.", "source": "Wikidata Q606165 ; Wikipedia (Feriana)", "photo": "", "photo_credit": "", "a_voir": "Une ville proche du vaste site antique de Thelepte.", "conseil": "Faites-en votre point de depart pour visiter Thelepte a ~5 km.", "vkey": "feriana-776499"}}, {"type": "Feature", "geometry": {"type": "Point", "coordinates": [8.627787, 35.349366]}, "properties": {"nom": "Foussana", "gouvernorat": "Kasserine", "type": "ville", "epoque": "Moderne", "description": "Ville du nord-ouest du gouvernorat de Kasserine, près de la frontière algerienne.", "source": "Wikidata Q3050560 ; Wikipedia (Foussana)", "photo": "", "photo_credit": "", "a_voir": "Une ville du nord-ouest de Kasserine, entre Djebel Bireno et frontière algerienne.", "conseil": "Etape vers le Djebel Bireno ; verifiez l'acces dans cette zone montagneuse frontaliere.", "vkey": "foussana-cafe45"}}, {"type": "Feature", "geometry": {"type": "Point", "coordinates": [9.0736111, 35.5433333]}, "properties": {"nom": "Sbiba (ville)", "gouvernorat": "Kasserine", "type": "ville", "epoque": "Romain / Contemporain", "description": "Ville du gouvernorat de Kasserine occupant le site de l'antique Sufes (basilique transformee en mosquée).", "source": "Wikidata Q49367240 ; Wikipedia (Sbiba)", "photo": "", "photo_credit": "", "a_voir": "La ville occupant l'antique Sufes, dont la basilique transformee en mosquée.", "conseil": "Reperez les vestiges de Sufes disperses dans la ville ; courte visite.", "vkey": "sbiba-ville-0f457c"}}, {"type": "Feature", "geometry": {"type": "Point", "coordinates": [8.6666667, 35.5666667]}, "properties": {"nom": "Thala (ville)", "gouvernorat": "Kasserine", "type": "ville", "epoque": "Moderne", "description": "Ville du gouvernorat de Kasserine, vers 1017 m, l'une des plus hautes et froides de Tunisie.", "source": "Wikidata Q1975233 ; Wikipedia (Thala)", "photo": "", "photo_credit": "", "a_voir": "Une ville d'altitude (~1017 m) au nom antique conservé, parmi les plus hautes et froides de Tunisie.", "conseil": "Habillez-vous chaudement ; combinez avec le site archéologique de Thala.", "vkey": "thala-ville-86e381"}}, {"type": "Feature", "geometry": {"type": "Point", "coordinates": [8.56667, 34.95]}, "properties": {"nom": "Hassi El Ferid", "gouvernorat": "Kasserine", "type": "ville", "epoque": "Moderne", "description": "Ville et délégation du sud-ouest du gouvernorat de Kasserine.", "source": "Wikidata Q16833248 ; Wikipedia (Hassi El Ferid)", "photo": "", "photo_credit": "", "a_voir": "Une petite ville-délégation du sud-ouest de Kasserine, sans site majeur.", "conseil": "Simple etape de passage.", "vkey": "hassi-el-ferid-613280"}}, {"type": "Feature", "geometry": {"type": "Point", "coordinates": [8.8873, 35.5435]}, "properties": {"nom": "El Ayoun", "gouvernorat": "Kasserine", "type": "ville", "epoque": "Moderne", "description": "Ville et délégation du nord du gouvernorat de Kasserine.", "source": "Wikidata Q3049722 ; Wikipedia (El Ayoun)", "photo": "", "photo_credit": "", "a_voir": "Une ville-délégation du nord de Kasserine, sans monument notable.", "conseil": "Etape de passage dans la région.", "vkey": "el-ayoun-c8c012"}}, {"type": "Feature", "geometry": {"type": "Point", "coordinates": [9.05639, 35.59361]}, "properties": {"nom": "Jedelienne", "gouvernorat": "Kasserine", "type": "ville", "epoque": "Moderne", "description": "Ville et délégation du nord-est du gouvernorat de Kasserine.", "source": "Wikidata Q2400849 ; Wikipedia (Jedelienne)", "photo": "", "photo_credit": "", "a_voir": "Une ville-délégation du nord-est de Kasserine.", "conseil": "Simple point de passage routier.", "vkey": "jedelienne-81bea6"}}, {"type": "Feature", "geometry": {"type": "Point", "coordinates": [8.52222, 34.75]}, "properties": {"nom": "Magel Bel Abbes", "gouvernorat": "Kasserine", "type": "ville", "epoque": "Moderne", "description": "Ville de l'extrême sud-ouest du gouvernorat de Kasserine, près de la frontière algerienne.", "source": "Wikidata Q3178341 ; Wikipedia (Magel Bel Abbes)", "photo": "", "photo_credit": "", "a_voir": "Une ville de l'extrême sud-ouest de Kasserine, près de la frontière algerienne.", "conseil": "Zone frontaliere : renseignez-vous sur l'acces avant de vous y rendre.", "vkey": "magel-bel-abbes-8f2c5b"}}, {"type": "Feature", "geometry": {"type": "Point", "coordinates": [9.13, 35.23]}, "properties": {"nom": "Musée archéologique de Sbeitla", "gouvernorat": "Kasserine", "type": "ville", "epoque": "Contemporain", "description": "Musée a Sbeitla, face au site archéologique, mosaïques et objets de la prehistoire a la période islamique.", "source": "Wikidata Q21295176 ; Wikipedia (Musee de Sbeitla)", "photo": "", "photo_credit": "", "horaires": "Musée — ouvert en journée (fermeture hebdomadaire possible) ; horaires à vérifier sur place.", "a_voir": "Des mosaïques et objets de la prehistoire a la période islamique, face au site de Sufetula.", "conseil": "Visite courte (~45 min) a coupler avec le site archéologique juste en face.", "vkey": "musee-archeologique-de-sbeitla-c77254"}}, {"type": "Feature", "geometry": {"type": "Point", "coordinates": [10.168221111, 36.805126]}, "properties": {"nom": "Bab Souika", "gouvernorat": "Tunis", "type": "Quartier", "epoque": "Islamique", "description": "Place et quartier populaire au nord de la médina, cœur de la vie festive : cafés chantants, ensemble soufi Sulâmiyya, soirées de Ramadan (« Layali Bab Souika »). La porte d'origine, démolie en 1861, a laissé son nom au lieu.", "source": "Wikidata Q2118029 ; Wikipedia (Bab Souika)", "photo": "", "photo_credit": "", "a_voir": "Tout près : la mosquée Youssef Saheb Ettabaa (1814), aux marbres précieux ; l'ambiance des cafés chantants et des soirées.", "conseil": "Plus vivant en soirée et en période de fêtes ; bon point de départ vers Halfaouine.", "vkey": "bab-souika-24a93b"}}, {"type": "Feature", "geometry": {"type": "Point", "coordinates": [10.167861111, 36.796888888]}, "properties": {"nom": "Bab Menara", "gouvernorat": "Tunis", "type": "Quartier", "epoque": "Quartier (porte disparue)", "description": "Quartier du flanc sud-ouest de la médina, près de l'université Zitouna, nommé d'après une ancienne porte de l'enceinte aujourd'hui disparue.", "source": "Wikidata Q2877696 ; Wikipedia (Bab Menara)", "photo": "", "photo_credit": "", "a_voir": "À proximité : le Dar Othman, somptueux palais de la fin du XVIe siècle (Othman Dey), réputé pour sa façade.", "conseil": "Simple repère d'entrée dans la médina haute ; visite rapide.", "vkey": "bab-menara-016fd3"}}, {"type": "Feature", "geometry": {"type": "Point", "coordinates": [10.16610324, 36.803863]}, "properties": {"nom": "Bab Bnet", "gouvernorat": "Tunis", "type": "Quartier", "epoque": "Quartier (porte disparue)", "description": "Quartier ouest de la médina, près de la kasbah administrative, qui tient son nom de l'une des plus anciennes portes (percée vers 1228-1249), aujourd'hui disparue. Le nom désigne désormais le quartier.", "source": "Wikidata Q2490371 ; Wikipedia (Bab Bnet)", "photo": "", "photo_credit": "", "a_voir": "Tout près : le Collège Sadiki (1875), berceau de la modernité tunisienne, qui domine la médina de son minaret et de ses coupoles.", "conseil": "À voir au passage en reliant la place de la Kasbah à la médina.", "vkey": "bab-bnet-91077c"}}, {"type": "Feature", "geometry": {"type": "Point", "coordinates": [10.17822146, 36.787336]}, "properties": {"nom": "Bab El Fellah", "gouvernorat": "Tunis", "type": "Quartier", "epoque": "Quartier (porte disparue)", "description": "Quartier au sud de la médina, nommé d'après une porte disparue vers 1890 qui ouvrait sur les faubourgs sud (cimetières et zaouïas). La porte n'existe plus ; le nom subsiste pour le quartier.", "source": "Wikidata Q2877674 ; Wikipedia (Bab El Fellah)", "photo": "", "photo_credit": "", "a_voir": "Le quartier conduit vers la mosquée et le mausolée de Sidi Béchir Ziri, fondateur d'une zaouïa Rahmania.", "conseil": "Étape rapide sur le pourtour sud de la médina.", "vkey": "bab-el-fellah-c09cad"}}, {"type": "Feature", "geometry": {"type": "Point", "coordinates": [10.179916666, 36.790111111]}, "properties": {"nom": "Bab Alioua", "gouvernorat": "Tunis", "type": "ville", "epoque": "Islamique", "description": "Porte sud-est de la médina de Tunis, depart historique des routes vers le Sahel et le sud.", "source": "Wikidata Q2120785 ; Wikipedia (Bab Alioua)", "photo": "", "photo_credit": "", "a_voir": "La porte du sud-est de la médina, point de départ historique des routes vers le Sahel et le sud du pays, aujourd'hui dans un secteur de transport très fréquenté.", "conseil": "Carrefour passant : simple repère, sans visite intérieure.", "vkey": "bab-alioua-c3fedb"}}, {"type": "Feature", "geometry": {"type": "Point", "coordinates": [10.16523957, 36.803007]}, "properties": {"nom": "Bab El Allouj", "gouvernorat": "Tunis", "type": "ville", "epoque": "Islamique", "description": "Ancienne porte de l'enceinte de la médina de Tunis, cote nord-ouest, près de la kasbah.", "source": "Wikidata Q1859691 ; Wikipedia (Bab El Allouj)", "photo": "", "photo_credit": "", "a_voir": "L'ancienne porte côté nord-ouest de l'enceinte, près de la kasbah, vestige du système de portes de la médina.", "conseil": "Brève étape à combiner avec les autres portes du secteur de la kasbah.", "vkey": "bab-el-allouj-14d9fd"}}, {"type": "Feature", "geometry": {"type": "Point", "coordinates": [10.16687, 36.80819]}, "properties": {"nom": "Palais Saheb Ettabaa", "gouvernorat": "Tunis", "type": "ville", "epoque": "Ottoman (XIXe s.)", "description": "Palais beylical du quartier de Halfaouine, lie au dignitaire Saheb Ettabaa, debut XIXe siècle.", "source": "Wikidata Q24699188 ; Wikipedia (Palais Saheb Ettabaa)", "photo": "", "photo_credit": "", "a_voir": "Les salons décorés et la cour de l'ancien palais beylical du dignitaire Saheb Ettabaa dans le quartier de Halfaouine.", "conseil": "À associer à la mosquée Saheb Ettabaa et à la place animée de Halfaouine.", "vkey": "palais-saheb-ettabaa-62d059"}}, {"type": "Feature", "geometry": {"type": "Point", "coordinates": [10.17431, 36.79498]}, "properties": {"nom": "Dar Othman", "gouvernorat": "Tunis", "type": "ville", "epoque": "Ottoman (debut XVIIe s.)", "description": "Palais d'Othman Dey dans la médina de Tunis, façade de marbre polychrome, l'un des plus anciens palais de la ville.", "source": "Wikidata Q3015950 ; Wikipedia (Dar Othman)", "photo": "", "photo_credit": "", "a_voir": "La façade de marbre polychrome et le portail ouvragé de l'un des plus anciens palais de la médina, avec sa cour intérieure et son jardin.", "conseil": "Petit bijou d'architecture résidentielle ; visite courte au cœur de la médina.", "vkey": "dar-othman-a4a9fe"}}, {"type": "Feature", "geometry": {"type": "Point", "coordinates": [10.1689, 36.7976]}, "properties": {"nom": "Dar El Bey (Palais du gouvernement)", "gouvernorat": "Tunis", "type": "ville", "epoque": "Ottoman", "description": "Ancien palais beylical de la kasbah de Tunis, aujourd'hui siège de la presidence du gouvernement.", "source": "Wikidata Q3015932 ; Wikipedia (Dar El Bey)", "photo": "", "photo_credit": "", "a_voir": "L'imposante façade de l'ancien palais beylical de la kasbah, aujourd'hui siège de la présidence du gouvernement, sur la place de la Kasbah.", "conseil": "Bâtiment officiel non visitable : à observer depuis la place, avec la mosquée de la Kasbah voisine.", "vkey": "dar-el-bey-palais-du-gouvernement-d0b63f"}}, {"type": "Feature", "geometry": {"type": "Point", "coordinates": [10.18006, 36.81038]}, "properties": {"nom": "Grande synagogue de Tunis", "gouvernorat": "Tunis", "type": "ville", "epoque": "Contemporain (1938)", "description": "Principale synagogue de Tunis, edifiee a la fin des années 1930 dans la ville moderne, style Art deco.", "source": "Wikidata Q3115134 ; Wikipedia (Grande synagogue de Tunis)", "photo": "", "photo_credit": "", "a_voir": "La façade Art déco de la principale synagogue de la capitale, édifiée dans la ville moderne à la fin des années 1930, avenue de la Liberté.", "conseil": "Accès réglementé et sécurisé : se renseigner à l'avance pour une éventuelle visite.", "vkey": "grande-synagogue-de-tunis-746e6a"}}, {"type": "Feature", "geometry": {"type": "Point", "coordinates": [10.18435556, 36.79854444]}, "properties": {"nom": "Église Saint-Joseph de Tunis", "gouvernorat": "Tunis", "type": "ville", "epoque": "Contemporain (colonial)", "description": "Église catholique de la ville moderne de Tunis, edifiee a l'époque du protectorat.", "source": "Wikidata Q36435972 ; Wikipedia (Eglise Saint-Joseph de Tunis)", "photo": "", "photo_credit": "", "a_voir": "L'édifice catholique de l'époque du protectorat et son intérieur, dans la ville moderne de Tunis.", "conseil": "À voir au passage lors d'une promenade dans le centre-ville colonial.", "vkey": "eglise-saint-joseph-de-tunis-ce1198"}}, {"type": "Feature", "geometry": {"type": "Point", "coordinates": [10.180697, 36.819014]}, "properties": {"nom": "Église Sainte-Jeanne-d'Arc de Tunis", "gouvernorat": "Tunis", "type": "ville", "epoque": "Contemporain (colonial)", "description": "Église catholique du quartier nord de Tunis (Lafayette), architecture de la période coloniale.", "source": "Wikidata Q3585081 ; Wikipedia (Eglise Sainte-Jeanne-d'Arc de Tunis)", "photo": "", "photo_credit": "", "a_voir": "L'architecture de la période coloniale de cette église du quartier nord (Lafayette) de la ville moderne.", "conseil": "Intérêt surtout architectural ; courte étape dans le centre moderne.", "vkey": "eglise-sainte-jeanne-d-arc-de-tunis-30ce82"}}, {"type": "Feature", "geometry": {"type": "Point", "coordinates": [10.18596, 36.81111]}, "properties": {"nom": "Musée national d'art moderne et contemporain de Tunis", "gouvernorat": "Tunis", "type": "ville", "epoque": "Contemporain", "description": "Musée de l'art tunisien moderne et contemporain, dans la Cité de la culture de Tunis.", "source": "Wikidata Q112638738 ; Wikipedia (Musee d'art moderne de Tunis)", "photo": "", "photo_credit": "", "horaires": "Musée — ouvert en journée (fermeture hebdomadaire possible) ; horaires à vérifier sur place.", "a_voir": "Les collections de peinture et de sculpture tunisiennes modernes et contemporaines, présentées dans la Cité de la culture.", "conseil": "Complément contemporain au Bardo ; vérifier les jours d'ouverture de la Cité de la culture.", "vkey": "musee-national-d-art-moderne-et-contempo-3a52a0"}}, {"type": "Feature", "geometry": {"type": "Point", "coordinates": [10.1295, 36.8114]}, "properties": {"nom": "Palais de Ksar Said", "gouvernorat": "Tunis", "type": "ville", "epoque": "Ottoman (XIXe s.)", "description": "Palais beylical du XIXe siècle près du Bardo, ou fut signe le traite du Bardo (1881).", "source": "Wikidata Q16510018 ; Wikipedia (Palais de Ksar Said)", "photo": "", "photo_credit": "", "a_voir": "Le palais beylical du XIXe siècle, ses salons décorés et le cadre historique où fut signé le traité du Bardo de 1881, près du Bardo.", "conseil": "À combiner avec la visite du musée du Bardo voisin ; vérifier l'état d'ouverture après restauration.", "vkey": "palais-de-ksar-said-ac2ebb"}}, {"type": "Feature", "geometry": {"type": "Point", "coordinates": [10.3247, 36.8484]}, "properties": {"nom": "Musée paléochrétien de Carthage", "gouvernorat": "Tunis", "type": "ville", "epoque": "Romain / paleochretien", "description": "Musée de site presentant les vestiges paléochrétiens de Carthage.", "source": "Wikidata Q1961879 ; Wikipedia (Musee paleochretien de Carthage)", "photo": "", "photo_credit": "", "horaires": "Musée — ouvert en journée (fermeture hebdomadaire possible) ; horaires à vérifier sur place.", "a_voir": "Les vestiges et objets paléochrétiens (sarcophages, mosaïques, éléments d'architecture) présentés dans un musée de site, au cœur de Carthage.", "conseil": "Petite halte thématique à intégrer dans le circuit de Carthage.", "vkey": "musee-paleochretien-de-carthage-a9947d"}}, {"type": "Feature", "geometry": {"type": "Point", "coordinates": [10.322823, 36.852461]}, "properties": {"nom": "Quartier Hannibal (Carthage)", "gouvernorat": "Tunis", "type": "ville", "epoque": "Punique", "description": "Vestiges d'un quartier d'habitation punique sur le flanc sud de Byrsa, urbanisme de Carthage avant 146 av. J.-C.", "source": "Wikidata Q16175298 ; Wikipedia (Quartier Hannibal)", "photo": "", "photo_credit": "", "a_voir": "Les rues et fondations d'habitations puniques dégagées sur le flanc sud de Byrsa, témoins de l'urbanisme de Carthage avant 146 av. J.-C.", "conseil": "À voir juste après le musée de Byrsa pour comprendre la ville punique d'origine.", "vkey": "quartier-hannibal-carthage-8893fd"}}, {"type": "Feature", "geometry": {"type": "Point", "coordinates": [10.3253, 36.8566]}, "properties": {"nom": "Édifice a colonnes de Carthage", "gouvernorat": "Tunis", "type": "ville", "epoque": "Romain", "description": "Monument romain a colonnades du secteur archéologique de Carthage, près des villas romaines.", "source": "Wikidata Q3579117 ; Wikipedia (Edifice a colonnes de Carthage)", "photo": "", "photo_credit": "", "a_voir": "Le monument romain à colonnades dans le secteur archéologique, près des villas de la colline de l'Odéon.", "conseil": "Vestige modeste à intégrer dans la promenade des villas romaines.", "vkey": "edifice-a-colonnes-de-carthage-185c26"}}, {"type": "Feature", "geometry": {"type": "Point", "coordinates": [10.308915, 36.82143]}, "properties": {"nom": "Synagogue Beit Mordekhai de La Goulette", "gouvernorat": "Tunis", "type": "ville", "epoque": "Contemporain", "description": "Synagogue de La Goulette, témoin de la communaute juive du port de Tunis.", "source": "Wikidata Q56307524 ; Wikipedia (Synagogue de La Goulette)", "photo": "", "photo_credit": "", "a_voir": "La synagogue de La Goulette, témoin de l'ancienne communauté juive du port et de son passé cosmopolite.", "conseil": "Accès susceptible d'être réglementé ; à voir lors d'une promenade dans le quartier de La Goulette.", "vkey": "synagogue-beit-mordekhai-de-la-goulette-55ec7c"}}, {"type": "Feature", "geometry": {"type": "Point", "coordinates": [10.11833333, 37.0625]}, "properties": {"nom": "Kalaat el-Andalous", "gouvernorat": "Ariana", "type": "ville", "epoque": "Morisque (XVIIe s.)", "description": "Village fondé par les Andalous (Morisques) au XVIIe siècle, sur un promontoire dominant le bas Medjerda et le lac de Ghar El Melh.", "source": "Wikidata Q3051293 ; Wikipedia (Kalaat el-Andalous)", "photo": "", "photo_credit": "", "a_voir": "Le village morisque perché sur son promontoire, ses ruelles anciennes et le panorama sur le bas Medjerda et la lagune de Ghar El Melh.", "conseil": "Beau point de vue à la lumière du matin ou du soir ; à combiner avec l'embouchure de la Medjerda toute proche.", "vkey": "kalaat-el-andalous-405fca"}}, {"type": "Feature", "geometry": {"type": "Point", "coordinates": [10.195959, 36.852508]}, "properties": {"nom": "Palais Borj Baccouche (Ariana)", "gouvernorat": "Ariana", "type": "ville", "epoque": "Ottoman / beylical", "description": "Ancienne residence beylicale de l'Ariana, architecture de villegiature des dignitaires tunisois.", "source": "Wikidata Q137796049 ; Wikipedia (Borj Baccouche)", "photo": "", "photo_credit": "", "a_voir": "L'ancienne résidence beylicale de villégiature de l'Ariana et son architecture de demeure de plaisance des dignitaires tunisois.", "conseil": "Site modeste et parfois d'accès limité ; courte étape pour les amateurs de patrimoine beylical.", "vkey": "palais-borj-baccouche-ariana-d35b80"}}, {"type": "Feature", "geometry": {"type": "Point", "coordinates": [10.037171, 36.913746]}, "properties": {"nom": "Haras national de Sidi Thabet", "gouvernorat": "Ariana", "type": "ville", "epoque": "Contemporain", "description": "Etablissement d'elevage equin historique de Sidi Thabet (cheval barbe et arabe-barbe).", "source": "Wikidata Q101276202 ; Wikipedia (Sidi Thabet)", "photo": "", "photo_credit": "", "a_voir": "L'élevage équin historique consacré au cheval barbe et arabe-barbe, ses écuries et ses chevaux de race.", "conseil": "Intéressant pour les passionnés de chevaux ; se renseigner sur les conditions et horaires de visite.", "vkey": "haras-national-de-sidi-thabet-4bfcb5"}}, {"type": "Feature", "geometry": {"type": "Point", "coordinates": [10.094386, 36.809001]}, "properties": {"nom": "Palais Kobbet El Nhas (Manouba)", "gouvernorat": "Manouba", "type": "ville", "epoque": "Beylical (XVIIIe-XIXe s.)", "description": "Pavillon palatial a coupole de cuivre de la Manouba, vestige des residences de plaisance beylicales.", "source": "Wikidata Q23603167 ; Wikipedia (Kobbet El Nhas)", "photo": "", "photo_credit": "", "a_voir": "Le pavillon palatial coiffé de sa caractéristique coupole de cuivre, vestige des résidences de plaisance beylicales de la plaine de la Manouba.", "conseil": "Petit monument isolé à voir surtout de l'extérieur, lors d'un passage dans la Manouba.", "vkey": "palais-kobbet-el-nhas-manouba-4a5c24"}}, {"type": "Feature", "geometry": {"type": "Point", "coordinates": [10.089678, 36.805796]}, "properties": {"nom": "Palais Mourad Bey (Manouba)", "gouvernorat": "Manouba", "type": "ville", "epoque": "Beylical", "description": "Ancien palais beylical de la Manouba lie aux Mouradites, zone de villegiature a l'ouest de Tunis.", "source": "Wikidata Q42600925 ; Wikipedia (Manouba)", "photo": "", "photo_credit": "", "a_voir": "Les vestiges de l'ancien palais beylical lié aux Mouradites, témoin des villégiatures à l'ouest de Tunis.", "conseil": "Site modeste ; à combiner avec les autres résidences beylicales de la Manouba.", "vkey": "palais-mourad-bey-manouba-486faa"}}, {"type": "Feature", "geometry": {"type": "Point", "coordinates": [9.841089, 36.829485]}, "properties": {"nom": "Tebourba (Thuburbo Minus)", "gouvernorat": "Manouba", "type": "ville", "epoque": "Romain / Islamique", "description": "Ville de la vallée de la Medjerda sur l'antique Thuburbo Minus (colonie romaine), repeuplee par des Andalous au XVIIe siècle.", "source": "Wikidata Q3099155 ; Wikipedia (Tebourba)", "photo": "", "photo_credit": "", "a_voir": "La vieille ville andalouse de la vallée de la Medjerda et les traces de l'antique Thuburbo Minus, dont les vestiges de l'amphithéâtre.", "conseil": "Halte de campagne dans la vallée de la Medjerda ; combiner avec l'amphithéâtre et le mausolée Sidi Ali Azouz.", "vkey": "tebourba-thuburbo-minus-1b4ff7"}}, {"type": "Feature", "geometry": {"type": "Point", "coordinates": [9.835436, 36.827708]}, "properties": {"nom": "Amphithéâtre de Tebourba", "gouvernorat": "Manouba", "type": "ville", "epoque": "Romain", "description": "Vestiges de l'amphithéâtre romain de l'antique Thuburbo Minus, a Tebourba.", "source": "Wikidata Q29002307 ; Wikipedia (Amphitheatre de Tebourba)", "photo": "", "photo_credit": "", "a_voir": "Les vestiges arasés de l'amphithéâtre romain de l'antique Thuburbo Minus, dans le tissu de la ville actuelle ; site modeste.", "conseil": "Visite rapide à intégrer à une promenade dans Tebourba.", "vkey": "amphitheatre-de-tebourba-22c50c"}}, {"type": "Feature", "geometry": {"type": "Point", "coordinates": [9.837687, 36.828002]}, "properties": {"nom": "Mausolée Sidi Ali Azouz (Tebourba)", "gouvernorat": "Manouba", "type": "ville", "epoque": "Islamique (ottoman)", "description": "Zaouïa et mausolée d'un saint soufi a Tebourba, au cœur de la vieille ville.", "source": "Wikidata Q42601109 ; Wikipedia (Tebourba)", "photo": "", "photo_credit": "", "a_voir": "La zaouïa et le mausolée du saint soufi, avec son décor traditionnel, au cœur de la vieille ville de Tebourba.", "conseil": "Tenue correcte de rigueur ; courte étape spirituelle dans le centre ancien.", "vkey": "mausolee-sidi-ali-azouz-tebourba-894f8d"}}, {"type": "Feature", "geometry": {"type": "Point", "coordinates": [9.848422, 36.808348]}, "properties": {"nom": "Pont-barrage d'El Batan", "gouvernorat": "Manouba", "type": "route", "epoque": "Ottoman / historique", "description": "Ouvrage hydraulique ancien sur la Medjerda a El Batan, lie aux moulins a foulon de la vallée.", "source": "Wikidata Q42600879 ; Wikipedia (El Batan)", "photo": "", "photo_credit": "", "a_voir": "L'ancien ouvrage hydraulique sur la Medjerda et les traces des moulins à foulon qui faisaient la réputation textile de la vallée.", "conseil": "Curiosité de patrimoine industriel ancien, à voir lors d'un circuit dans la vallée de la Medjerda.", "vkey": "pont-barrage-d-el-batan-fcecd3"}}, {"type": "Feature", "geometry": {"type": "Point", "coordinates": [9.9105, 36.72199]}, "properties": {"nom": "Cimetière militaire de Massicault (Borj El Amri)", "gouvernorat": "Manouba", "type": "ville", "epoque": "Contemporain (1943)", "description": "Cimetière militaire du Commonwealth (soldats de la campagne de Tunisie 1943).", "source": "Wikidata Q74280412 ; Wikipedia (Massicault War Cemetery)", "photo": "", "photo_credit": "", "a_voir": "Les rangées régulières de stèles du cimetière du Commonwealth, dans un cadre soigné, où reposent des soldats de la campagne de Tunisie de 1943.", "conseil": "Lieu de recueillement entretenu ; visite sobre, à combiner avec un trajet vers la vallée de la Medjerda.", "vkey": "cimetiere-militaire-de-massicault-borj-e-0901c3"}}, {"type": "Feature", "geometry": {"type": "Point", "coordinates": [10.1535615, 36.677458]}, "properties": {"nom": "Palais de la Mohammedia", "gouvernorat": "Ben Arous", "type": "ville", "epoque": "Beylical (XIXe s.)", "description": "Ruines du palais beylical d'Ahmed Ier Bey (milieu XIXe s.) a La Mohammedia, surnomme le 'Versailles tunisien', reste inacheve.", "source": "Wikidata Q3361051 ; Wikipedia (Palais de la Mohammedia)", "photo": "", "photo_credit": "", "a_voir": "Les ruines romantiques du palais inachevé d'Ahmed Ier Bey, surnommé le « Versailles tunisien », dont les arcades et pans de murs subsistent dans la plaine.", "conseil": "Site à l'abandon évocateur ; bonnes chaussures et prudence parmi les ruines.", "vkey": "palais-de-la-mohammedia-3668b4"}}, {"type": "Feature", "geometry": {"type": "Point", "coordinates": [10.175618, 36.606193]}, "properties": {"nom": "Thermes d'Oudhna (Uthina)", "gouvernorat": "Ben Arous", "type": "ville", "epoque": "Romain", "description": "Grands thermes publics de la colonie romaine d'Uthina (Oudhna), au sud de Tunis.", "source": "Wikidata Q42600606 ; Wikipedia (Oudna)", "photo": "", "photo_credit": "", "a_voir": "Les grands thermes publics de la colonie romaine d'Uthina, leurs salles et substructions, dans le secteur archéologique d'Oudhna.", "conseil": "À voir dans le cadre de la visite d'ensemble du site d'Oudhna.", "vkey": "thermes-d-oudhna-uthina-32d1df"}}, {"type": "Feature", "geometry": {"type": "Point", "coordinates": [10.397155, 36.695371]}, "properties": {"nom": "Cimetière militaire allemand de Borj Cedria", "gouvernorat": "Ben Arous", "type": "ville", "epoque": "Contemporain (1939-1945)", "description": "Nécropole militaire allemande des soldats de la Seconde Guerre mondiale tombes en Tunisie, sur les hauteurs de Borj Cedria.", "source": "Wikidata Q1268389 ; Wikipedia (Cimetiere militaire allemand de Borj Cedria)", "photo": "", "photo_credit": "", "a_voir": "La nécropole militaire allemande de la Seconde Guerre mondiale, sa crypte massive et ses sépultures regroupées sur les hauteurs dominant le golfe.", "conseil": "Lieu de mémoire austère offrant une vue sur la côte ; visite sobre et brève.", "vkey": "cimetiere-militaire-allemand-de-borj-ced-726c08"}}, {"type": "Feature", "geometry": {"type": "Point", "coordinates": [10.13419444, 36.61605556]}, "properties": {"nom": "Aqueduc de Zaghouan a Carthage", "gouvernorat": "Zaghouan", "type": "route", "epoque": "Romain", "description": "Aqueduc romain de plus de 130 km amenant l'eau des sources de Zaghouan a Carthage ; longues files d'arches encore visibles. Coordonnée d'un troncon.", "source": "Wikidata Q623425 ; Wikipedia (Aqueduc de Zaghouan)", "photo": "", "photo_credit": "", "a_voir": "Les longues files d'arches romaines encore dressées dans la plaine, vestiges des plus de 130 km de l'aqueduc qui menait l'eau de Zaghouan à Carthage.", "conseil": "Les arches se voient bien depuis la route Tunis–Zaghouan, notamment vers Mohammedia/Oudhna ; belle lumière rasante en fin de journée.", "vkey": "aqueduc-de-zaghouan-a-carthage-f097f2"}}, {"type": "Feature", "geometry": {"type": "Point", "coordinates": [10.070664, 36.534182]}, "properties": {"nom": "Thermes romains de Djebel Oust", "gouvernorat": "Zaghouan", "type": "ville", "epoque": "Romain", "description": "Etablissement thermal romain autour d'une source chaude a Djebel Oust (mosaïques), transforme ensuite en complexe paléochrétien.", "source": "Wikidata Q42604135 ; Wikipedia (Thermes de Djebel Oust)", "photo": "", "photo_credit": "", "a_voir": "L'établissement thermal autour de sa source chaude, ses mosaïques en place et les aménagements paléochrétiens qui lui ont succédé.", "conseil": "Site spécialisé peu fréquenté ; se renseigner sur l'accès, à combiner avec Zaghouan.", "vkey": "thermes-romains-de-djebel-oust-39a38f"}}, {"type": "Feature", "geometry": {"type": "Point", "coordinates": [10.144148874, 36.396575785]}, "properties": {"nom": "Grande Mosquée de Zaghouan", "gouvernorat": "Zaghouan", "type": "ville", "epoque": "Ottoman / Islamique", "description": "Mosquée de rite hanafite de la ville de Zaghouan, dans le tissu ancien au pied du djebel.", "source": "Wikidata Q138646984 ; Wikipedia (Mosquee de Zaghouan)", "photo": "", "photo_credit": "", "a_voir": "La mosquée hanafite et son minaret dans le tissu ancien de la ville, au pied du djebel.", "conseil": "À voir lors d'une flânerie dans la médina de Zaghouan et ses fontaines.", "vkey": "grande-mosquee-de-zaghouan-2529a3"}}, {"type": "Feature", "geometry": {"type": "Point", "coordinates": [10.149981, 36.3989646]}, "properties": {"nom": "Arc romain de Zaghouan", "gouvernorat": "Zaghouan", "type": "ville", "epoque": "Romain", "description": "Arc de triomphe / porte romaine subsistant dans la ville de Zaghouan, au pied du temple des Eaux.", "source": "Wikidata Q42602522 ; Wikipedia (Zaghouan)", "photo": "", "photo_credit": "", "a_voir": "L'arc romain (porte monumentale) subsistant dans la ville, au pied de la montée vers le temple des Eaux.", "conseil": "Étape sur le chemin du temple des Eaux ; courte halte.", "vkey": "arc-romain-de-zaghouan-c226e9"}}, {"type": "Feature", "geometry": {"type": "Point", "coordinates": [10.0167, 36.2]}, "properties": {"nom": "Abthugni (Henchir Es-Souar)", "gouvernorat": "Zaghouan", "type": "ville", "epoque": "Romain", "description": "Cité romaine du sud du gouvernorat de Zaghouan, avec forum, temple et vestiges municipaux.", "source": "Wikidata Q334495 ; Wikipedia (Abthugni)", "photo": "", "photo_credit": "", "a_voir": "Les vestiges du forum, d'un temple et d'éléments municipaux de la cité romaine, épars dans la campagne du sud du gouvernorat.", "conseil": "Site modeste et peu aménagé pour passionnés ; véhicule nécessaire et repérage local conseillé.", "vkey": "abthugni-henchir-es-souar-0ccf0c"}}, {"type": "Feature", "geometry": {"type": "Point", "coordinates": [10.008826, 36.374]}, "properties": {"nom": "Abbir Maius", "gouvernorat": "Zaghouan", "type": "ville", "epoque": "Romain", "description": "Ancienne cité romaine de la région d'El Fahs (Zaghouan), connue par ses inscriptions et vestiges.", "source": "Wikidata Q2425630 ; Wikipedia (Abbir Maius)", "photo": "", "photo_credit": "", "a_voir": "Les vestiges dispersés de l'ancienne cité romaine de la région d'El Fahs, connue surtout par ses inscriptions.", "conseil": "Site très ruiné réservé aux amateurs d'épigraphie et d'archéologie ; prévoir un guide local.", "vkey": "abbir-maius-502264"}}, {"type": "Feature", "geometry": {"type": "Point", "coordinates": [10.341666666, 36.34]}, "properties": {"nom": "Segermes (Henchir Harat)", "gouvernorat": "Zaghouan", "type": "ville", "epoque": "Romain", "description": "Site de l'antique cité romaine de Segermes, a l'est du gouvernorat de Zaghouan, fouilles dano-tunisiennes.", "source": "Wikidata Q21084367 ; Wikipedia (Segermes)", "photo": "", "photo_credit": "", "a_voir": "Les vestiges de l'antique cité romaine de Segermes, mis au jour par des fouilles dano-tunisiennes, à l'est du gouvernorat.", "conseil": "Site d'intérêt scientifique peu balisé ; se renseigner localement avant de s'y rendre.", "vkey": "segermes-henchir-harat-fd5536"}}, {"type": "Feature", "geometry": {"type": "Point", "coordinates": [10.148166, 36.399198]}, "properties": {"nom": "Église Sainte-Helene de Zaghouan", "gouvernorat": "Zaghouan", "type": "ville", "epoque": "Colonial (XXe s.)", "description": "Ancienne église catholique de la ville de Zaghouan, témoin de la période du protectorat.", "source": "Wikidata Q30744379 ; Wikipedia (Eglise Sainte-Helene de Zaghouan)", "photo": "", "photo_credit": "", "a_voir": "L'ancienne église catholique de la période du protectorat dans la ville de Zaghouan, témoin de l'architecture coloniale.", "conseil": "Petit témoin patrimonial à voir au passage dans Zaghouan.", "vkey": "eglise-sainte-helene-de-zaghouan-c821d3"}}, {"type": "Feature", "geometry": {"type": "Point", "coordinates": [9.0836, 36.4103]}, "properties": {"nom": "Arc de Gordien III (Musti / El Krib)", "gouvernorat": "Siliana", "type": "batiment", "epoque": "Romain (239 apr. J.-C.)", "description": "Arc monumental de l'antique Musti (El Krib), date de 239 par inscription, marquant l'une des entrees orientales de la cité (porte honorifique plutot que de triomphe). Coordonnée au sein du site, approximative.", "source": "Wikidata Q2760406 (Musti) ; Wikipedia (Musti) ; etude HAL hal-03240142", "photo": "", "photo_credit": "", "a_voir": "Un arc monumental date de 239, marquant une entrée orientale de l'antique Musti.", "conseil": "Point fort du site de Musti ; visite rapide en parcourant le site.", "vkey": "arc-de-gordien-iii-musti-el-krib-6d656b"}}, {"type": "Feature", "geometry": {"type": "Point", "coordinates": [9.083, 36.4098]}, "properties": {"nom": "Marche romain (macellum) de Musti / El Krib", "gouvernorat": "Siliana", "type": "batiment", "epoque": "Romain", "description": "Marche couvert (macellum) de l'antique Musti, bâti en pierre calcaire blanche, au cœur du site avec le forum, les temples et les citernes. Coordonnée au sein du site, approximative.", "source": "Wikidata Q2760406 (Musti) ; Wikipedia (Musti)", "photo": "", "photo_credit": "", "a_voir": "Un marche couvert antique en pierre calcaire blanche, au cœur du site avec forum, temples et citernes.", "conseil": "A voir en parcourant Musti ; quelques minutes suffisent pour ce point precis.", "vkey": "marche-romain-macellum-de-musti-el-krib-7696d7"}}, {"type": "Feature", "geometry": {"type": "Point", "coordinates": [10.21705, 36.8161]}, "properties": {"nom": "Fort Santiago (Borj Chikly)", "gouvernorat": "Tunis", "type": "batiment", "epoque": "Romain puis espagnol (1546-1550)", "description": "Fort dresse sur l'ilot de Chikly, au milieu du lac de Tunis. Ancienne citadelle d'origine romaine reconstruite par le gouverneur espagnol de La Goulette entre 1546 et 1550 (Santiago de Chikly). Classé patrimoine culturel national en 1993.", "source": "Wikidata Q2963564 ; Wikipedia (Chikly)", "photo": "", "photo_credit": "", "acces": "Sur l'îlot de Chikly — accès réglementé (autorisation INP).", "a_voir": "Le fort hispano-ottoman dressé sur l'îlot de Chikly au milieu du lac, reconstruit au XVIe siècle sur des bases plus anciennes, dans la réserve ornithologique.", "conseil": "Accès à l'îlot réglementé (autorisation, traversée en barque) : se renseigner auprès de l'INP avant toute visite.", "vkey": "fort-santiago-borj-chikly-ec821f"}}, {"type": "Feature", "geometry": {"type": "Point", "coordinates": [10.3369, 36.8567]}, "properties": {"nom": "Citernes de Bordj Djedid (Carthage)", "gouvernorat": "Tunis", "type": "batiment", "epoque": "Romain (epoque d'Hadrien)", "description": "Vaste ensemble de citernes romaines sur la colline de Bordj Djedid a Carthage, près du rivage, distinct des citernes de La Malga. Alimentees par un aqueduc voûte. Coordonnée approximative.", "source": "Wikipedia (Site archeologique de Carthage)", "photo": "", "photo_credit": "", "a_voir": "Le vaste ensemble de citernes romaines voûtées près du rivage, distinct de celles de La Malga, qui contribuait à l'alimentation en eau de Carthage.", "conseil": "Vestige hydraulique discret à intégrer dans le circuit de Carthage côté mer.", "vkey": "citernes-de-bordj-djedid-carthage-37af1d"}}, {"type": "Feature", "geometry": {"type": "Point", "coordinates": [9.967273, 33.542714]}, "properties": {"nom": "Hotel Sidi Driss (decor Star Wars, ferme des Lars)", "gouvernorat": "Gabès", "type": "cinema", "epoque": "Cinema (1977 / 2000-2005)", "description": "Hotel troglodytique de Matmata dont la cour interieure a servi de decor a l'interieur de la ferme des Lars (maison de Luke Skywalker) dans Star Wars IV : Un nouvel espoir (1977), reutilise pour les episodes II (2002) et III (2005). Distinct du centre de Matmata.", "source": "Wikidata Q131315947 ; Wikipedia (Hotel Sidi Driss)", "photo": "", "photo_credit": "", "a_voir": "Hotel troglodytique de Matmata dont la cour a servi d'interieur a la ferme des Lars dans Star Wars (1977, puis 2002 et 2005).", "conseil": "Lieu encore en activite : on peut y boire un the ou y loger pour voir le decor ; affluence aux heures de pointe.", "vkey": "hotel-sidi-driss-decor-star-wars-ferme-d-79c6f2"}}, {"type": "Feature", "geometry": {"type": "Point", "coordinates": [7.7789, 33.84276]}, "properties": {"nom": "Ferme des Lars / dome (Chott el-Djerid, près de Nefta)", "gouvernorat": "Tozeur", "type": "cinema", "epoque": "Cinema (1977 / 2000-2005)", "description": "Decor exterieur de la ferme des Lars (le dome/igloo) edifie sur le Chott el-Djerid a l'ouest de Nefta pour Star Wars IV (1977), reconstruit pour les episodes II et III. Distinct de Tozeur et Nefta.", "source": "Wikidata Q125284830 ; Wikipedia (Chott el-Djerid)", "photo": "", "photo_credit": "", "a_voir": "Decor exterieur de la ferme des Lars (le dome) edifie sur le Chott el-Djerid a l'ouest de Nefta pour Star Wars.", "conseil": "Acces par piste sur le chott : 4x4 conseille, et venez tot le matin pour la lumière et la fraicheur.", "vkey": "ferme-des-lars-dome-chott-el-djerid-pres-683148"}}, {"type": "Feature", "geometry": {"type": "Point", "coordinates": [10.17175, 36.79778]}, "properties": {"nom": "Bab El Bhar (Porte de France)", "gouvernorat": "Tunis", "type": "batiment", "epoque": "Islamique / XIXe s.", "description": "Porte historique marquant la limite entre la médina de Tunis et la ville europeenne, surnommee Porte de France. Arche isolée depuis la demolition des remparts.", "source": "Wikidata Q3033800 ; Wikipedia (Bab el Bhar)", "photo": "", "photo_credit": "", "a_voir": "l'arc monumental marquant l'entrée de la médina de Tunis, charnière entre la ville arabe et la ville européenne.", "conseil": "Point de repère central, départ idéal d'une visite de la médina depuis l'avenue Bourguiba.", "vkey": "bab-el-bhar-porte-de-france-6463ed"}}, {"type": "Feature", "properties": {"nom": "Tourbet El Bey", "type": "Mausolée", "epoque": "Ottomane (XVIIIe s.)", "gouvernorat": "Tunis", "description": "Nécropole royale de la dynastie husseinite, élevée au XVIIIe siècle. Sous ses coupoles reposent beys, princes et ministres. L'intérieur déploie un décor somptueux — faïences polychromes, marbres sculptés et stucs ciselés — où se mêlent influences italienne, andalouse et ottomane. Les tombes d'hommes sont coiffées d'une stèle portant une chéchia, celles des femmes restent sobres.", "a_voir": "Le décor de faïences et de marbres ; le contraste saisissant entre la ruelle discrète et la richesse de l'intérieur.", "conseil": "Souvent ignoré des visiteurs : un havre calme au sud de la médina. À combiner avec le Dar Ben Abdallah voisin.", "source": "Wikidata Q3533905 ; INP", "photo": "img/Tourbet_exterieur.jpg", "photo_credit": "Mourad Ben Abdallah, domaine public, Wikimedia Commons", "photo_source": "https://commons.wikimedia.org/wiki/File:Tourbet%20exterieur.JPG", "vkey": "tourbet-el-bey-5ccf70"}, "geometry": {"type": "Point", "coordinates": [10.173, 36.7937]}}, {"type": "Feature", "properties": {"nom": "Médersa Slimania", "type": "Médersa", "epoque": "Ottomane (1754)", "gouvernorat": "Tunis", "description": "École coranique fondée en 1754 par Ali Ier Pacha à la mémoire de son fils Slimane. Tout près de la Zitouna, dans la rue des Libraires, elle s'organise autour d'une cour à portiques aux arcs peints de noir et blanc, bordée des cellules où logeaient les étudiants.", "a_voir": "La cour à arcades bicolores ; l'enfilade des trois médersas de la rue des Libraires.", "conseil": "Sur le chemin entre la Zitouna et les souks. Vérifier les horaires d'ouverture sur place.", "source": "Wikidata Q927197", "photo": "img/Medresa_Slimania.jpg", "photo_credit": "Abdallah Mhiri, CC BY-SA 3.0, Wikimedia Commons", "photo_source": "https://commons.wikimedia.org/wiki/File:Medresa%20Slimania.jpg", "vkey": "medersa-slimania-c5faec"}, "geometry": {"type": "Point", "coordinates": [10.17191, 36.79666]}}, {"type": "Feature", "properties": {"nom": "Dar Ben Abdallah", "type": "Palais / Musée", "epoque": "Ottomane (fin XVIIIe s.)", "gouvernorat": "Tunis", "description": "Palais aristocratique de la fin du XVIIIe siècle, aujourd'hui Musée des arts et traditions populaires de Tunis. Autour d'un patio de marbre à fontaine, les salles richement décorées — plafonds de bois peint, stucs ciselés, faïences — reconstituent l'art de vivre des grandes familles tunisoises : scènes de mariage, costumes, mobilier d'apparat.", "a_voir": "Le patio à colonnes et fontaine ; les salles reconstituant la vie domestique d'autrefois.", "conseil": "Le meilleur endroit pour comprendre l'intérieur d'un dar (maison à patio). Voisin du Tourbet El Bey.", "source": "Commons ; Musée des arts et traditions populaires (INP)", "photo": "img/PatioDarBenAbdallah.jpg", "photo_credit": "Citizen59, CC BY-SA 3.0, Wikimedia Commons", "photo_source": "https://commons.wikimedia.org/wiki/File:PatioDarBenAbdallah.JPG", "vkey": "dar-ben-abdallah-42bc42"}, "geometry": {"type": "Point", "coordinates": [10.1692, 36.7944]}}, {"type": "Feature", "properties": {"nom": "Place de la Kasbah", "type": "Place / siège du gouvernement", "epoque": "Ottomane et contemporaine", "gouvernorat": "Tunis", "description": "Vaste esplanade administrative à l'ouest de la médina, cœur du pouvoir tunisien : la Primature (Dar El Bey) et les bâtiments du gouvernement, la mosquée de la Kasbah et son minaret almohade. Les édifices officiels ne se visitent pas, mais l'ensemble — place, palais et mosquée — vaut le coup d'œil.", "a_voir": "Le minaret almohade de la mosquée de la Kasbah ; l'harmonie de la place officielle ; la perspective vers la médina haute.", "conseil": "Ne se visite pas (siège du gouvernement), mais très photogénique de l'extérieur. Point de passage naturel vers la médina haute.", "source": "Wikipedia (Kasbah de Tunis)", "vkey": "place-de-la-kasbah-b4f0b4"}, "geometry": {"type": "Point", "coordinates": [10.16703, 36.7968]}}, {"type": "Feature", "properties": {"nom": "Bab El Assel", "type": "Quartier", "epoque": "Ottomane", "gouvernorat": "Tunis", "description": "Quartier du nord de la médina (secteur de Bab Souika), autour d'une ancienne porte. Son nom viendrait de la famille Bani Assal qui y résidait — ou du miel (« assel ») : la « Rue du Miel » toute proche en garde la trace. La porte est aussi appelée Bab Sidi Yahya, du nom de la mosquée El Borj (Sidi Yahia) voisine.", "a_voir": "La mosquée El Borj (Sidi Yahia) ; la pittoresque « Rue du Miel ».", "conseil": "Au cœur du nord populaire de la médina, sur le chemin de Bab Souika et Halfaouine.", "source": "Wikipedia (Bab Laassal) ; INP (portes de la médina)", "vkey": "bab-el-assel-b63350"}, "geometry": {"type": "Point", "coordinates": [10.16824, 36.81106]}}, {"type": "Feature", "properties": {"nom": "Place Halfaouine", "type": "Place / quartier", "epoque": "Ottomane et XXe s.", "gouvernorat": "Tunis", "description": "Place vivante du nord de la médina, animée par deux souks (El Halfaouine et El Jedid). En bordure se dresse la mosquée Youssef Saheb Ettabaa (1814). Son hammam a inspiré le film culte « Halfaouine, l'enfant des terrasses » (Férid Boughedir, 1990, Tanit d'or aux JCC), qui a fait connaître l'atmosphère du quartier dans le monde entier.", "a_voir": "L'animation de la place et de ses souks ; la mosquée Saheb Ettabaa toute proche ; le hammam rendu célèbre par le film.", "conseil": "Cœur du nord populaire — flânez, prenez un café. Plus authentique et moins touristique que le centre.", "source": "Wikipedia (Halfaouine) ; film de F. Boughedir (1990)", "photo": "img/Tunis_Place_Halfaouine_1.jpg", "photo_credit": "Rais67, Public domain, Wikimedia Commons", "photo_source": "https://commons.wikimedia.org/wiki/File:Tunis%20Place%20Halfaouine%201.JPG", "vkey": "place-halfaouine-c000ae"}, "geometry": {"type": "Point", "coordinates": [10.1674819, 36.808168]}}, {"type": "Feature", "properties": {"nom": "Hafsia", "type": "Quartier / marché", "epoque": "Médiévale à contemporaine", "gouvernorat": "Tunis", "description": "Ancien quartier juif de la médina (la « hara »), où les juifs furent accueillis dès le Xe siècle par Sidi Mahrez. Tombé dans la pauvreté puis partiellement démoli, il fut réhabilité dans les années 1970-80 par l'Association de Sauvegarde de la Médina — opération primée, devenue un cas d'école d'urbanisme. On y trouve aujourd'hui le célèbre marché de la fripe (vêtements d'occasion).", "a_voir": "Le marché de la fripe ; l'architecture réhabilitée mêlant ancien et reconstruit ; la mémoire du quartier juif.", "conseil": "Pour chiner et sentir le Tunis populaire d'aujourd'hui. Marchandage de rigueur.", "source": "Cairn (la fripisation de la Hafsia) ; Association de Sauvegarde de la Médina", "vkey": "hafsia-5a5bec"}, "geometry": {"type": "Point", "coordinates": [10.1718, 36.8003]}}]}